X,date,notebook,notebookpage,mappingteam,dataentryby,island,site,mapfilename,quaddiag,quadcorner,tagnum,species,dbh,phenology,lefttarget,leftdist,righttarget,rightdist,notes,entby,dateent,proofby,dateproof,quadcorn,tag,RKPx,RKPy,RKPsource,LKPx,LKPy,LKPsource
11110,40568,ISA MAPPING NB #1,2,SF; JD,JD,rota,isa,NA,e4-z*e4,Z*E4,14001,aglaia,43,nff,ze4,5.97,e4,8.17,NA,JBD,2011-02-02,NA,40666,z*e4,14001,300948.5891,1565014.652,GPS,300951.6824,1565005.132,angle distance
11111,40568,ISA MAPPING NB #1,2,SF; JD,JD,rota,isa,NA,e4-z*e4,Z*E4,14002,psych,115,nff,ze4,6.15,e4,8.15,unsure of species ID,JBD,2011-02-02,NA,40666,z*e4,14002,300948.5891,1565014.652,GPS,300951.6824,1565005.132,angle distance
11112,40568,ISA MAPPING NB #1,2,SF; JD,JD,rota,isa,NA,e4-z*e4,E4,14003,tri,11,nff,ze4,6.46,e4,4.13,NA,JBD,2011-02-02,NA,40666,e4,14003,300948.5891,1565014.652,GPS,300951.6824,1565005.132,angle distance
11113,40568,ISA MAPPING NB #1,2,SF; JD,JD,rota,isa,NA,e4-z*e4,ZE4,14004,aglaia,85,nff,ze4,4.66,e4,4.99,NA,JBD,2011-02-02,NA,40666,ze4,14004,300948.5891,1565014.652,GPS,300951.6824,1565005.132,angle distance
11114,40568,ISA MAPPING NB #1,4,SF; JD,JD,rota,isa,NA,d4-z4e,ZE4,14005,aglaia,NA,nff,d4,12.96,e4,8.9,2apr13: hsr changed quadrant name from ZE4-D4 to D4-Z4E,JBD,2011-02-02,NA,40666,ze4,14005,300948.5891,1565014.652,GPS,300939.562236,1565013.40083,GPS_adjusted
11115,40568,ISA MAPPING NB #1,4,SF; JD,JD,rota,isa,NA,d4-z4e,ZE4,14006,guamia,40,nff,d4,9.82,e4,6.28,2apr13: hsr changed quadrant name from ZE4-D4 to D4-Z4E,JBD,2011-02-02,NA,40666,ze4,14006,300948.5891,1565014.652,GPS,300939.562236,1565013.40083,GPS_adjusted
11116,40568,ISA MAPPING NB #1,4,SF; JD,JD,rota,isa,NA,d4-z4e,ZE4,14007,guamia,48,nff,d4,9.15,e4,6.45,2apr13: hsr changed quadrant name from ZE4-D4 to D4-Z4E,JBD,2011-02-02,NA,40666,ze4,14007,300948.5891,1565014.652,GPS,300939.562236,1565013.40083,GPS_adjusted
11117,40568,ISA MAPPING NB #1,4,SF; JD,JD,rota,isa,NA,d4-z4e,ZE4,14008,guamia,NA,fl,d4,8.99,e4,7.72,2apr13: hsr changed quadrant name from ZE4-D4 to D4-Z4E,JBD,2011-02-02,NA,40666,ze4,14008,300948.5891,1565014.652,GPS,300939.562236,1565013.40083,GPS_adjusted
11118,40568,ISA MAPPING NB #1,4,SF; JD,JD,rota,isa,NA,d4-z4e,ZE4,14009,tri,17,nff,d4,8.97,e4,8.86,2apr13: hsr changed quadrant name from ZE4-D4 to D4-Z4E,JBD,2011-02-02,NA,40666,ze4,14009,300948.5891,1565014.652,GPS,300939.562236,1565013.40083,GPS_adjusted
11119,40568,ISA MAPPING NB #1,4,SF; JD,JD,rota,isa,NA,d4-z4e,ZE4,14010,tri,12,nff,d4,8.6,e4,8.05,2apr13: hsr changed quadrant name from ZE4-D4 to D4-Z4E,JBD,2011-02-02,NA,40666,ze4,14010,300948.5891,1565014.652,GPS,300939.562236,1565013.40083,GPS_adjusted
11120,40568,ISA MAPPING NB #1,4,SF; JD,JD,rota,isa,NA,d4-z4e,ZE4,14011,tri,23,nff,d4,8.18,e4,7.18,2apr13: hsr changed quadrant name from ZE4-D4 to D4-Z4E,JBD,2011-02-02,NA,40666,ze4,14011,300948.5891,1565014.652,GPS,300939.562236,1565013.40083,GPS_adjusted
11121,40568,ISA MAPPING NB #1,4,SF; JD,JD,rota,isa,NA,d4-z4e,E4,14012,tri,15,nff,d4,7.93,e4,5.42,2apr13: hsr changed quadrant name from ZE4-D4 to D4-Z4E,JBD,2011-02-02,NA,40666,e4,14012,300948.5891,1565014.652,GPS,300939.562236,1565013.40083,GPS_adjusted
11122,40568,ISA MAPPING NB #1,4,SF; JD,JD,rota,isa,NA,d4-z4e,E4,14013,aglaia,92,fl,d4,9.47,e4,3.89,2apr13: hsr changed quadrant name from ZE4-D4 to D4-Z4E,JBD,2011-02-02,NA,40666,e4,14013,300948.5891,1565014.652,GPS,300939.562236,1565013.40083,GPS_adjusted
11123,40568,ISA MAPPING NB #1,4,SF; JD,JD,rota,isa,NA,d4-z4e,E4,14014,guamia,NA,nff,d4,9.39,e4,3.1,2apr13: hsr changed quadrant name from ZE4-D4 to D4-Z4E,JBD,2011-02-02,NA,40666,e4,14014,300948.5891,1565014.652,GPS,300939.562236,1565013.40083,GPS_adjusted
11124,40568,ISA MAPPING NB #1,4,SF; JD,JD,rota,isa,NA,d4-z4e,E4,14015,aglaia,NA,nff,d4,7.9,e4,3.59,2apr13: hsr changed quadrant name from ZE4-D4 to D4-Z4E,JBD,2011-02-02,NA,40666,e4,14015,300948.5891,1565014.652,GPS,300939.562236,1565013.40083,GPS_adjusted
11125,40568,ISA MAPPING NB #1,4,SF; JD,JD,rota,isa,NA,d4-z4e,E4,14016,tri,NA,nff,d4,7.98,e4,2.37,2apr13: hsr changed quadrant name from ZE4-D4 to D4-Z4E,JBD,2011-02-02,NA,40666,e4,14016,300948.5891,1565014.652,GPS,300939.562236,1565013.40083,GPS_adjusted
11126,40568,ISA MAPPING NB #1,4,SF; JD,JD,rota,isa,NA,d4-z4e,E4,14017,guamia,NA,nff,d4,9.52,e4,0.5,2apr13: hsr changed quadrant name from ZE4-D4 to D4-Z4E,JBD,2011-02-02,NA,40666,e4,14017,300948.5891,1565014.652,GPS,300939.562236,1565013.40083,GPS_adjusted
11127,40568,ISA MAPPING NB #1,6,SF; JD,JD,rota,isa,NA,c4-z4d,ZD4,14018,aglaia,73,nff,z4c,6.63,c4,12.2,NA,JBD,2011-02-02,NA,40666,zd4,14018,300929.306,1565012.866,GPS,300931.7371,1565002.911,GPS
11128,40568,ISA MAPPING NB #1,8,SF; JD,JD,rota,isa,NA,b4-z4c,C4,14019,guamia,NA,nff,c4,6.3,z4c,4.15,3apr13: hsr changed quadrant name from ZC4-B4 to B4-Z4C,JBD,2011-02-02,NA,40666,c4,14019,300931.7371,1565002.911,GPS,300929.306,1565012.866,GPS
11129,40568,ISA MAPPING NB #1,8,SF; JD,JD,rota,isa,NA,b4-z4c,C4,14020,tri,10,nff,c4,5.79,z4c,4.91,3apr13: hsr changed quadrant name from ZC4-B4 to B4-Z4C,JBD,2011-02-02,NA,40666,c4,14020,300931.7371,1565002.911,GPS,300929.306,1565012.866,GPS
11130,40568,ISA MAPPING NB #1,8,SF; JD,JD,rota,isa,NA,b4-z4c,C4,14021,mor,NA,fr,c4,6.21,c4,3.34,3apr13: hsr changed quadrant name from ZC4-B4 to B4-Z4C,JBD,2011-02-02,NA,40666,c4,14021,300929.306,1565012.866,GPS,300929.306,1565012.866,GPS
11131,40568,ISA MAPPING NB #1,8,SF; JD,JD,rota,isa,NA,b4-z4c,C4,14022,mor,82,fr,c4,5.89,c4,3.87,3apr13: hsr changed quadrant name from ZC4-B4 to B4-Z4C,JBD,2011-02-02,NA,40666,c4,14022,300929.306,1565012.866,GPS,300929.306,1565012.866,GPS
11132,40568,ISA MAPPING NB #1,8,SF; JD,JD,rota,isa,NA,b4-z4c,B4,14023,mor,NA,fr,b4,4.29,c4,5.25,3apr13: hsr changed quadrant name from ZC4-B4 to B4-Z4C,JBD,2011-02-02,NA,40666,b4,14023,300929.306,1565012.866,GPS,300920.071,1565008.926,GPS
11133,40568,ISA MAPPING NB #1,8,SF; JD,JD,rota,isa,NA,b4-z4c,B4,14024,tri,22,flfr,b4,3.79,c4,5.74,3apr13: hsr changed quadrant name from ZC4-B4 to B4-Z4C,JBD,2011-02-02,NA,40666,b4,14024,300929.306,1565012.866,GPS,300920.071,1565008.926,GPS
11134,40568,ISA MAPPING NB #1,8,SF; JD,JD,rota,isa,NA,b4-z4c,B4,14025,mor,49,fr,b4,3.56,c4,6.07,3apr13: hsr changed quadrant name from ZC4-B4 to B4-Z4C,JBD,2011-02-02,NA,40666,b4,14025,300929.306,1565012.866,GPS,300920.071,1565008.926,GPS
11135,40568,ISA MAPPING NB #1,8,SF; JD,JD,rota,isa,NA,b4-z4c,B4,14026,mor,49,fr,b4,3.01,c4,6.98,3apr13: hsr changed quadrant name from ZC4-B4 to B4-Z4C,JBD,2011-02-02,NA,40666,b4,14026,300929.306,1565012.866,GPS,300920.071,1565008.926,GPS
11136,40568,ISA MAPPING NB #1,8,SF; JD,JD,rota,isa,NA,b4-z4c,B4,14027,mor,33,fr,b4,4.04,c4,6.08,3apr13: hsr changed quadrant name from ZC4-B4 to B4-Z4C,JBD,2011-02-02,NA,40666,b4,14027,300929.306,1565012.866,GPS,300920.071,1565008.926,GPS
11137,40568,ISA MAPPING NB #1,8,SF; JD,JD,rota,isa,NA,b4-z4c,B4,14028,mor,NA,nff,b4,4.83,c4,5.03,3apr13: hsr changed quadrant name from ZC4-B4 to B4-Z4C,JBD,2011-02-02,NA,40666,b4,14028,300929.306,1565012.866,GPS,300920.071,1565008.926,GPS
11138,40568,ISA MAPPING NB #1,8,SF; JD,JD,rota,isa,NA,b4-z4c,B4,14029,mor,NA,fr,b4,4.2,c4,7.05,3apr13: hsr changed quadrant name from ZC4-B4 to B4-Z4C,JBD,2011-02-02,NA,40666,b4,14029,300929.306,1565012.866,GPS,300920.071,1565008.926,GPS
11139,40568,ISA MAPPING NB #1,8,SF; JD,JD,rota,isa,NA,b4-z4c,ZB4,14030,aglaia,57,dns,z4b,4.2,b4,6.72,3apr13: hsr changed quadrant name from ZC4-B4 to B4-Z4C,JBD,2011-02-02,NA,40666,zb4,14030,300920.071,1565008.926,GPS,300921.907,1564999.096,GPS
11140,40568,ISA MAPPING NB #1,8,SF; JD,JD,rota,isa,NA,b4-z4c,ZB4,14031,aglaia,47,dns,z4b,9.81,z4b,4,3apr13: hsr changed quadrant name from ZC4-B4 to B4-Z4C,JBD,2011-02-02,NA,40666,zb4,14031,300921.907,1564999.096,GPS,300921.907,1564999.096,GPS
11141,40568,ISA MAPPING NB #1,8,SF; JD,JD,rota,isa,NA,b4-z4c,ZB4,14032,aglaia,47,nff,z4b,9.98,z4b,3.96,3apr13: hsr changed quadrant name from ZC4-B4 to B4-Z4C,JBD,2011-02-02,NA,40666,zb4,14032,300921.907,1564999.096,GPS,300921.907,1564999.096,GPS
11142,40568,ISA MAPPING NB #1,8,SF; JD,JD,rota,isa,NA,b4-z4c,ZB4,14033,aglaia,58,nff,z4b,8.55,z4b,2.39,3apr13: hsr changed quadrant name from ZC4-B4 to B4-Z4C,JBD,2011-02-02,NA,40666,zb4,14033,300921.907,1564999.096,GPS,300921.907,1564999.096,GPS
11143,40568,ISA MAPPING NB #1,8,SF; JD,JD,rota,isa,NA,b4-z4c,ZB4,14034,guamia,50,nff,z4b,8.39,z4b,2.21,3apr13: hsr changed quadrant name from ZC4-B4 to B4-Z4C,JBD,2011-02-02,NA,40666,zb4,14034,300921.907,1564999.096,GPS,300921.907,1564999.096,GPS
11144,40568,ISA MAPPING NB #1,8,SF; JD,JD,rota,isa,NA,b4-z4c,ZB4,14035,aglaia,65,dns,z4b,6.98,z4b,4.09,TAGGED ON EAST SIDE; 3apr13: hsr changed quadrant name from ZC4-B4 to B4-Z4C,JBD,2011-02-02,NA,40666,zb4,14035,300921.907,1564999.096,GPS,300921.907,1564999.096,GPS
11145,40568,ISA MAPPING NB #1,8,SF; JD,JD,rota,isa,NA,b4-z4c,ZB4,14036,aglaia,61,nff,z4b,6.71,z4b,4.55,3apr13: hsr changed quadrant name from ZC4-B4 to B4-Z4C,JBD,2011-02-02,NA,40666,zb4,14036,300921.907,1564999.096,GPS,300921.907,1564999.096,GPS
11146,40568,ISA MAPPING NB #1,8,SF; JD,JD,rota,isa,NA,b4-z4c,ZB4,14037,guamia,NA,dns,z4b,5.89,z4b,4.96,3apr13: hsr changed quadrant name from ZC4-B4 to B4-Z4C,JBD,2011-02-02,NA,40666,zb4,14037,300921.907,1564999.096,GPS,300921.907,1564999.096,GPS
11147,40568,ISA MAPPING NB #1,8,SF; JD,JD,rota,isa,NA,b4-z4c,ZB4,14038,premna,NA,dns,b4,6.89,c4,7.22,3apr13: hsr changed quadrant name from ZC4-B4 to B4-Z4C,JBD,2011-02-02,NA,40666,zb4,14038,300929.306,1565012.866,GPS,300920.071,1565008.926,GPS
11148,40568,ISA MAPPING NB #1,10,SF; JD,SF,rota,isa,NA,a4-z4b,ZB4,14039,premna,NA,dns,b4,7.6,z4b,4.86,NA,JBD,2011-02-02,NA,40666,zb4,14039,300921.907,1564999.096,GPS,300920.071,1565008.926,GPS
11149,40568,ISA MAPPING NB #1,10,SF; JD,SF,rota,isa,NA,a4-z4b,ZA4,14040,premna,NA,nff,b4,10.78,z4b,7.2,NA,JBD,2011-02-02,NA,40666,za4,14040,300921.907,1564999.096,GPS,300920.071,1565008.926,GPS
11150,40568,ISA MAPPING NB #1,10,SF; JD,SF,rota,isa,NA,a4-z4b,ZA4,14041,guamia,51,nff,b4,10.88,z4b,5.89,(INCREDIBLY WRAPPED IN FICUS â€“ HARD TO TELL IF ACTUALLY IS PR),JBD,2011-02-02,NA,40666,za4,14041,300921.907,1564999.096,GPS,300920.071,1565008.926,GPS
11151,40568,ISA MAPPING NB #1,12,SF; JD,SF,rota,isa,NA,a4-z*a4,ZA4,14042,tri,NA,fr,z*a4,5.12,z4a,10.05,2apr13: hsr changed quadrant diagonal from ZA4-Z4A to A4-Z*A4,JBD,2011-02-02,NA,40666,za4,14042,300901.3365,1565006.472,GPS,300902.183214,1564996.84958,AddedInGIS
11152,40568,ISA MAPPING NB #1,12,SF; JD,SF,rota,isa,NA,a4-z*a4,Z*A4,14043,mor,79,dns,z*a4,5.05,z4a,11.36,2apr13: hsr changed quadrant diagonal from ZA4-Z4A to A4-Z*A4,JBD,2011-02-02,NA,40666,z*a4,14043,300901.3365,1565006.472,GPS,300902.183214,1564996.84958,AddedInGIS
11153,40568,ISA MAPPING NB #1,12,SF; JD,SF,rota,isa,NA,a4-z*a4,Z*A4,14044,guamia,NA,dns,z*a4,4.6,z4a,11.13,2apr13: hsr changed quadrant diagonal from ZA4-Z4A to A4-Z*A4,JBD,2011-02-02,NA,40666,z*a4,14044,300901.3365,1565006.472,GPS,300902.183214,1564996.84958,AddedInGIS
11154,40568,ISA MAPPING NB #1,12,SF; JD,SF,rota,isa,NA,a4-z*a4,Z*A4,14045,guamia,NA,nff,z*a4,2.83,z4a,9,2apr13: hsr changed quadrant diagonal from ZA4-Z4A to A4-Z*A4,JBD,2011-02-02,NA,40666,z*a4,14045,300901.3365,1565006.472,GPS,300902.183214,1564996.84958,AddedInGIS
11155,40568,ISA MAPPING NB #1,12,SF; JD,SF,rota,isa,NA,a4-z*a4,A4,14046,mor,NA,nff,z*a4,8.08,z4a,7.97,MAIN TRUNK MEASURED AT 110CM; 2apr13: hsr changed quadrant diagonal from ZA4-Z4A to A4-Z*A4,JBD,2011-02-02,NA,40666,a4,14046,300901.3365,1565006.472,GPS,300902.183214,1564996.84958,AddedInGIS
11156,40569,ISA MAPPING NB #1,14,SF; JD,JD,rota,isa,NA,a3-za4,ZA3,14047,aglaia,45,fl,z4a,5.99,za3,3.86,3apr13: hsr changed quadrant name from Z4A-A3 to A3-ZA4,JBD,2011-02-02,NA,40666,za3,14047,300899.389816,1565016.21625,GPS_adjusted,300901.3365,1565006.472,GPS
11157,40569,ISA MAPPING NB #1,14,SF; JD,JD,rota,isa,NA,a3-za4,Z4A,14048,tri,23,nff,a4,9.61,z4a,2.06,3apr13: hsr changed quadrant name from Z4A-A3 to A3-ZA4,JBD,2011-02-02,NA,40666,z4a,14048,300901.3365,1565006.472,GPS,300910.3982,1565008.65,GPS
11158,40569,ISA MAPPING NB #1,14,SF; JD,JD,rota,isa,NA,a3-za4,Z4A,14049,eug,34,fr,a4,8.14,z4a,2.68,3apr13: hsr changed quadrant name from Z4A-A3 to A3-ZA4,JBD,2011-02-02,NA,40666,z4a,14049,300901.3365,1565006.472,GPS,300910.3982,1565008.65,GPS
11159,40569,ISA MAPPING NB #1,14,SF; JD,JD,rota,isa,NA,a3-za4,A4,14050,tri,11,nff,a4,6.45,z4a,4.48,3apr13: hsr changed quadrant name from Z4A-A3 to A3-ZA4,JBD,2011-02-02,NA,40666,a4,14050,300901.3365,1565006.472,GPS,300910.3982,1565008.65,GPS
11160,40569,ISA MAPPING NB #1,14,SF; JD,JD,rota,isa,NA,a3-za4,A4,14051,tri,12,fr,a4,3.07,z4a,9.51,3apr13: hsr changed quadrant name from Z4A-A3 to A3-ZA4,JBD,2011-02-02,NA,40666,a4,14051,300901.3365,1565006.472,GPS,300910.3982,1565008.65,GPS
11161,40569,ISA MAPPING NB #1,16,SF; JD,JD,rota,isa,NA,a3-b4,A3,14052,tri,15,nff,a3,2.08,b3,6.44,29mar13: hsr changed name from A4-B3 to A3-B4,JBD,2011-02-02,NA,40666,a3,14052,300919.5169,1565019.093,GPS,300911.1254,1565019.381,angle distance
11162,40569,ISA MAPPING NB #1,16,SF; JD,JD,rota,isa,NA,a3-b4,A3,14053,mel,109,fr,a3,3.67,b3,5,29mar13: hsr changed name from A4-B3 to A3-B4,JBD,2011-02-02,NA,40666,a3,14053,300919.5169,1565019.093,GPS,300911.1254,1565019.381,angle distance
11163,40569,ISA MAPPING NB #1,16,SF; JD,JD,rota,isa,NA,a3-b4,A3,14054,premna,NA,nff,a3,6.08,b3,5.46,29mar13: hsr changed name from A4-B3 to A3-B4,JBD,2011-02-02,NA,40666,a3,14054,300919.5169,1565019.093,GPS,300911.1254,1565019.381,angle distance
11164,40569,ISA MAPPING NB #1,16,SF; JD,JD,rota,isa,NA,a3-b4,A4,14055,aglaia,53,nff,a3,7.23,b3,8.88,29mar13: hsr changed name from A4-B3 to A3-B4,JBD,2011-02-02,NA,40666,a4,14055,300919.5169,1565019.093,GPS,300911.1254,1565019.381,angle distance
11165,40569,ISA MAPPING NB #1,16,SF; JD,JD,rota,isa,NA,a3-b4,A4,14056,guamia,NA,nff,a3,7.54,b3,8.98,29mar13: hsr changed name from A4-B3 to A3-B4,JBD,2011-02-02,NA,40666,a4,14056,300919.5169,1565019.093,GPS,300911.1254,1565019.381,angle distance
11166,40569,ISA MAPPING NB #1,16,SF; JD,JD,rota,isa,NA,a3-b4,A4,14057,aglaia,65,nff,a3,8.43,b3,9.32,29mar13: hsr changed name from A4-B3 to A3-B4,JBD,2011-02-02,NA,40666,a4,14057,300919.5169,1565019.093,GPS,300911.1254,1565019.381,angle distance
11167,40569,ISA MAPPING NB #1,16,SF; JD,JD,rota,isa,NA,a3-b4,A4,14058,aglaia,NA,nff,a3,6.12,b3,9.3,2nd stem measured @ 120cm; 29mar13: hsr changed name from A4-B3 to A3-B4,JBD,2011-02-02,NA,40666,a4,14058,300919.5169,1565019.093,GPS,300911.1254,1565019.381,angle distance
11168,40569,ISA MAPPING NB #1,16,SF; JD,JD,rota,isa,NA,a3-b4,B4,14059,premna,NA,nff,a3,9.02,b4,4.23,29mar13: hsr changed name from A4-B3 to A3-B4,JBD,2011-02-02,NA,40666,b4,14059,300920.071,1565008.926,GPS,300911.1254,1565019.381,angle distance
11169,40569,ISA MAPPING NB #1,16,SF; JD,JD,rota,isa,NA,a3-b4,B4,14060,premna,NA,nff,b3,9.06,b4,3.09,29mar13: hsr changed name from A4-B3 to A3-B4,JBD,2011-02-02,NA,40666,b4,14060,300920.071,1565008.926,GPS,300919.5169,1565019.093,GPS
11170,40569,ISA MAPPING NB #1,16,SF; JD,JD,rota,isa,NA,a3-b4,B4,14061,premna,NA,fr,b3,9.9,b4,1.26,29mar13: hsr changed name from A4-B3 to A3-B4,JBD,2011-02-02,NA,40666,b4,14061,300920.071,1565008.926,GPS,300919.5169,1565019.093,GPS
11171,40569,ISA MAPPING NB #1,16,SF; JD,JD,rota,isa,NA,a3-b4,B4,14062,eug,17,nff,b3,9.44,b4,1.15,29mar13: hsr changed name from A4-B3 to A3-B4,JBD,2011-02-02,NA,40666,b4,14062,300920.071,1565008.926,GPS,300919.5169,1565019.093,GPS
11172,40569,ISA MAPPING NB #1,16,SF; JD,JD,rota,isa,NA,a3-b4,B3,14063,aglaia,94,nff,a3,5.01,b3,3.58,29mar13: hsr changed name from A4-B3 to A3-B4,JBD,2011-02-02,NA,40666,b3,14063,300919.5169,1565019.093,GPS,300911.1254,1565019.381,angle distance
11173,40569,ISA MAPPING NB #1,18,SF; JD,JD,rota,isa,NA,b3-c4,B3,14064,aglaia,80,fr,c3,7.61,c4,9.24,29mar13: hsr changed quadrant name from B4-C3 to B3-C4,JBD,2011-02-02,NA,40666,b3,14064,300929.306,1565012.866,GPS,300928.247965,1565020.35702,GPS_adjusted
11174,40569,ISA MAPPING NB #1,18,SF; JD,JD,rota,isa,NA,b3-c4,B3,14065,guamia,81,nff,c3,8.04,c4,9.09,29mar13: hsr changed quadrant name from B4-C3 to B3-C4,JBD,2011-02-02,NA,40666,b3,14065,300929.306,1565012.866,GPS,300928.247965,1565020.35702,GPS_adjusted
11175,40569,ISA MAPPING NB #1,18,SF; JD,JD,rota,isa,NA,b3-c4,B4,14066,aglaia,NA,nff,c3,9.88,c4,9.92,29mar13: hsr changed quadrant name from B4-C3 to B3-C4,JBD,2011-02-02,NA,40666,b4,14066,300929.306,1565012.866,GPS,300928.247965,1565020.35702,GPS_adjusted
11176,40569,ISA MAPPING NB #1,18,SF; JD,JD,rota,isa,NA,b3-c4,B4,14067,eug,45,nff,c3,10.51,c4,9.88,29mar13: hsr changed quadrant name from B4-C3 to B3-C4,JBD,2011-02-02,NA,40666,b4,14067,300929.306,1565012.866,GPS,300928.247965,1565020.35702,GPS_adjusted
11177,40569,ISA MAPPING NB #1,18,SF; JD,JD,rota,isa,NA,b3-c4,B4,14068,eug,NA,nff,c3,10.87,c4,9.43,29mar13: hsr changed quadrant name from B4-C3 to B3-C4,JBD,2011-02-02,NA,40666,b4,14068,300929.306,1565012.866,GPS,300928.247965,1565020.35702,GPS_adjusted
11178,40569,ISA MAPPING NB #1,18,SF; JD,JD,rota,isa,NA,b3-c4,B4,14069,eug,15,nff,c3,9.64,c4,7.15,29mar13: hsr changed quadrant name from B4-C3 to B3-C4,JBD,2011-02-02,NA,40666,b4,14069,300929.306,1565012.866,GPS,300928.247965,1565020.35702,GPS_adjusted
11179,40569,ISA MAPPING NB #1,18,SF; JD,JD,rota,isa,NA,b3-c4,B4,14070,eug,15,nff,c4,9.06,b4,2.07,NEARLY DEAD; 29mar13: hsr changed quadrant name from B4-C3 to B3-C4,JBD,2011-02-02,NA,40666,b4,14070,300920.071,1565008.926,GPS,300929.306,1565012.866,GPS
11180,40569,ISA MAPPING NB #1,18,SF; JD,JD,rota,isa,NA,b3-c4,B4,14071,eug,28,nff,c4,8.39,b4,1.98,29mar13: hsr changed quadrant name from B4-C3 to B3-C4,JBD,2011-02-02,NA,40666,b4,14071,300920.071,1565008.926,GPS,300929.306,1565012.866,GPS
11181,40569,ISA MAPPING NB #1,18,SF; JD,JD,rota,isa,NA,b3-c4,B4,14072,eug,NA,nff,c4,9.25,b4,1.59,29mar13: hsr changed quadrant name from B4-C3 to B3-C4,JBD,2011-02-02,NA,40666,b4,14072,300920.071,1565008.926,GPS,300929.306,1565012.866,GPS
11182,40569,ISA MAPPING NB #1,18,SF; JD,JD,rota,isa,NA,b3-c4,B4,14073,eug,23,nff,c4,7.36,b4,2.6,29mar13: hsr changed quadrant name from B4-C3 to B3-C4,JBD,2011-02-02,NA,40666,b4,14073,300920.071,1565008.926,GPS,300929.306,1565012.866,GPS
11183,40569,ISA MAPPING NB #1,18,SF; JD,JD,rota,isa,NA,b3-c4,B4,14074,tri,20,fr,c4,7.32,b4,2.91,29mar13: hsr changed quadrant name from B4-C3 to B3-C4,JBD,2011-02-02,NA,40666,b4,14074,300920.071,1565008.926,GPS,300929.306,1565012.866,GPS
11184,40569,ISA MAPPING NB #1,18,SF; JD,JD,rota,isa,NA,b3-c4,B4,14075,tri,40,nff,c3,8.05,c4,6.07,29mar13: hsr changed quadrant name from B4-C3 to B3-C4,JBD,2011-02-02,NA,40666,b4,14075,300929.306,1565012.866,GPS,300928.247965,1565020.35702,GPS_adjusted
11185,40569,ISA MAPPING NB #1,18,SF; JD,JD,rota,isa,NA,b3-c4,C4,14076,tri,42,fr,c3,8.4,c4,1.78,29mar13: hsr changed quadrant name from B4-C3 to B3-C4,JBD,2011-02-02,NA,40666,c4,14076,300929.306,1565012.866,GPS,300928.247965,1565020.35702,GPS_adjusted
11186,40569,ISA MAPPING NB #1,18,SF; JD,JD,rota,isa,NA,b3-c4,C4,14077,aglaia,84,nff,c3,5.31,c4,4.01,29mar13: hsr changed quadrant name from B4-C3 to B3-C4,JBD,2011-02-02,NA,40666,c4,14077,300929.306,1565012.866,GPS,300928.247965,1565020.35702,GPS_adjusted
11187,40569,ISA MAPPING NB #1,18,SF; JD,JD,rota,isa,NA,b3-c4,C4,14078,aglaia,41,nff,c3,5.7,c4,3.76,29mar13: hsr changed quadrant name from B4-C3 to B3-C4,JBD,2011-02-02,NA,40666,c4,14078,300929.306,1565012.866,GPS,300928.247965,1565020.35702,GPS_adjusted
11188,40569,ISA MAPPING NB #1,18,SF; JD,JD,rota,isa,NA,b3-c4,C3,14079,tri,NA,fr,c3,4.12,c4,8.67,29mar13: hsr changed quadrant name from B4-C3 to B3-C4,JBD,2011-02-02,NA,40666,c3,14079,300929.306,1565012.866,GPS,300928.247965,1565020.35702,GPS_adjusted
11189,40569,ISA MAPPING NB #1,18,SF; JD,JD,rota,isa,NA,b3-c4,C3,14080,aglaia,85,nff,c3,3.23,c4,6.93,29mar13: hsr changed quadrant name from B4-C3 to B3-C4,JBD,2011-02-02,NA,40666,c3,14080,300929.306,1565012.866,GPS,300928.247965,1565020.35702,GPS_adjusted
11190,40569,ISA MAPPING NB #1,18,SF; JD,JD,rota,isa,NA,b3-c4,C3,14081,aglaia,NA,fl,c3,3.01,c4,6.73,29mar13: hsr changed quadrant name from B4-C3 to B3-C4,JBD,2011-02-02,NA,40666,c3,14081,300929.306,1565012.866,GPS,300928.247965,1565020.35702,GPS_adjusted
11191,40569,ISA MAPPING NB #1,20,SF; JD,JD,rota,isa,NA,c3-d4,C3,14082,aglaia,120,nff,c3,3.98,d3,6.28,29mar13: hsr changed quadrant name from C4-D3 to C3-D4,JBD,2011-02-02,NA,40666,c3,14082,300937.0479,1565019.878,GPS,300928.247965,1565020.35702,GPS_adjusted
11192,40569,ISA MAPPING NB #1,20,SF; JD,JD,rota,isa,NA,c3-d4,C4,14083,guamia,NA,nff,d4,7.82,c4,1.68,29mar13: hsr changed quadrant name from C4-D3 to C3-D4,JBD,2011-02-02,NA,40666,c4,14083,300929.306,1565012.866,GPS,300939.562236,1565013.40083,GPS_adjusted
11193,40569,ISA MAPPING NB #1,20,SF; JD,JD,rota,isa,NA,c3-d4,C4,14084,aglaia,72,nff,d4,8.73,c4,1.77,29mar13: hsr changed quadrant name from C4-D3 to C3-D4,JBD,2011-02-02,NA,40666,c4,14084,300929.306,1565012.866,GPS,300939.562236,1565013.40083,GPS_adjusted
11194,40569,ISA MAPPING NB #1,20,SF; JD,JD,rota,isa,NA,c3-d4,C4,14085,aglaia,42,nff,d4,10.09,c4,1.3,29mar13: hsr changed quadrant name from C4-D3 to C3-D4,JBD,2011-02-02,NA,40666,c4,14085,300929.306,1565012.866,GPS,300939.562236,1565013.40083,GPS_adjusted
11195,40569,ISA MAPPING NB #1,20,SF; JD,JD,rota,isa,NA,c3-d4,C4,14086,guamia,NA,nff,d4,6.25,c4,3.12,29mar13: hsr changed quadrant name from C4-D3 to C3-D4,JBD,2011-02-02,NA,40666,c4,14086,300929.306,1565012.866,GPS,300939.562236,1565013.40083,GPS_adjusted
11196,40569,ISA MAPPING NB #1,20,SF; JD,JD,rota,isa,NA,c3-d4,D3,14087,aglaia,148,fl,c3,10.67,d3,1.86,29mar13: hsr changed quadrant name from C4-D3 to C3-D4,JBD,2011-02-02,NA,40666,d3,14087,300937.0479,1565019.878,GPS,300928.247965,1565020.35702,GPS_adjusted
11197,40569,ISA MAPPING NB #1,20,SF; JD,JD,rota,isa,NA,c3-d4,D3,14088,aglaia,83,fl,c3,8.61,d3,3.15,29mar13: hsr changed quadrant name from C4-D3 to C3-D4,JBD,2011-02-02,NA,40666,d3,14088,300937.0479,1565019.878,GPS,300928.247965,1565020.35702,GPS_adjusted
11198,40569,ISA MAPPING NB #1,20,SF; JD,JD,rota,isa,NA,c3-d4,D3,14089,aglaia,49,nff,c3,8.39,d3,2.47,29mar13: hsr changed quadrant name from C4-D3 to C3-D4,JBD,2011-02-02,NA,40666,d3,14089,300937.0479,1565019.878,GPS,300928.247965,1565020.35702,GPS_adjusted
11199,40569,ISA MAPPING NB #1,20,SF; JD,JD,rota,isa,NA,c3-d4,D3,14090,tri,NA,fr,c3,10.15,d3,0,TOO SMALL TO MEASURE AT 50CM; MEASURED AT 10CM; 29mar13: hsr changed quadrant name from C4-D3 to C3-D4,JBD,2011-02-02,NA,40666,d3,14090,300937.0479,1565019.878,GPS,300928.247965,1565020.35702,GPS_adjusted
11200,40569,ISA MAPPING NB #1,22,SF; JD,JD,rota,isa,NA,d3-e4,D3,14091,tri,NA,fr,e4,6.44,d4,6.43,29mar13: hsr changed name from D4-E3 to D3-E4,JBD,2011-02-02,NA,40666,d3,14091,300939.562236,1565013.40083,GPS_adjusted,300948.5891,1565014.652,GPS
11201,40569,ISA MAPPING NB #1,22,SF; JD,JD,rota,isa,NA,d3-e4,E4,14092,mor,27,fr,e4,5.25,d4,6.83,29mar13: hsr changed name from D4-E3 to D3-E4,JBD,2011-02-02,NA,40666,e4,14092,300939.562236,1565013.40083,GPS_adjusted,300948.5891,1565014.652,GPS
11202,40569,ISA MAPPING NB #1,22,SF; JD,JD,rota,isa,NA,d3-e4,E4,14093,tri,18,fr,e4,5.26,d4,5.93,29mar13: hsr changed name from D4-E3 to D3-E4,JBD,2011-02-02,NA,40666,e4,14093,300939.562236,1565013.40083,GPS_adjusted,300948.5891,1565014.652,GPS
11203,40569,ISA MAPPING NB #1,22,SF; JD,JD,rota,isa,NA,d3-e4,E3,14094,tri,16,fr,e4,6.02,d4,6.76,29mar13: hsr changed name from D4-E3 to D3-E4,JBD,2011-02-02,NA,40666,e3,14094,300939.562236,1565013.40083,GPS_adjusted,300948.5891,1565014.652,GPS
11204,40569,ISA MAPPING NB #1,22,SF; JD,JD,rota,isa,NA,d3-e4,E3,14095,mor,89,fr,e4,5.5,d4,7.48,29mar13: hsr changed name from D4-E3 to D3-E4,JBD,2011-02-02,NA,40666,e3,14095,300939.562236,1565013.40083,GPS_adjusted,300948.5891,1565014.652,GPS
11205,40569,ISA MAPPING NB #1,22,SF; JD,JD,rota,isa,NA,d3-e4,E3,14096,guamia,NA,nff,e3,5.82,d4,8.97,29mar13: hsr changed name from D4-E3 to D3-E4,JBD,2011-02-02,NA,40666,e3,14096,300939.562236,1565013.40083,GPS_adjusted,300947.8287,1565024.222,angle distance
11206,40569,ISA MAPPING NB #1,22,SF; JD,JD,rota,isa,NA,d3-e4,E3,14097,tri,15,nff,e3,4.87,e4,5.71,29mar13: hsr changed name from D4-E3 to D3-E4,JBD,2011-02-02,NA,40666,e3,14097,300948.5891,1565014.652,GPS,300947.8287,1565024.222,angle distance
11207,40569,ISA MAPPING NB #1,22,SF; JD,JD,rota,isa,NA,d3-e4,E3,14098,aglaia,52,nff,e3,4.03,e4,6.85,29mar13: hsr changed name from D4-E3 to D3-E4,JBD,2011-02-02,NA,40666,e3,14098,300948.5891,1565014.652,GPS,300947.8287,1565024.222,angle distance
11208,40569,ISA MAPPING NB #1,22,SF; JD,JD,rota,isa,NA,d3-e4,E3,14099,tri,14,nff,e3,3.07,e4,7.38,29mar13: hsr changed name from D4-E3 to D3-E4,JBD,2011-02-02,NA,40666,e3,14099,300948.5891,1565014.652,GPS,300947.8287,1565024.222,angle distance
11209,40569,ISA MAPPING NB #1,22,SF; JD,JD,rota,isa,NA,d3-e4,E3,14100,eug,28,nff,e3,4.01,e4,7.64,29mar13: hsr changed name from D4-E3 to D3-E4,JBD,2011-02-02,NA,40666,e3,14100,300948.5891,1565014.652,GPS,300947.8287,1565024.222,angle distance
11210,40569,ISA MAPPING NB #1,22,SF; JD,JD,rota,isa,NA,d3-e4,E3,14101,premna,NA,dns,e3,1.84,e4,8.72,29mar13: hsr changed name from D4-E3 to D3-E4,JBD,2011-02-02,NA,40666,e3,14101,300948.5891,1565014.652,GPS,300947.8287,1565024.222,angle distance
11211,40569,ISA MAPPING NB #1,22,SF; JD,JD,rota,isa,NA,d3-e4,E3,14102,tri,18,nff,d4,8.04,e3,6.35,29mar13: hsr changed name from D4-E3 to D3-E4,JBD,2011-02-02,NA,40666,e3,14102,300947.8287,1565024.222,angle distance,300939.562236,1565013.40083,GPS_adjusted
11212,40569,ISA MAPPING NB #1,22,SF; JD,JD,rota,isa,NA,d3-e4,E3,14103,tri,12,nff,d4,8.04,e3,6.35,29mar13: hsr changed name from D4-E3 to D3-E4,JBD,2011-02-02,NA,40666,e3,14103,300947.8287,1565024.222,angle distance,300939.562236,1565013.40083,GPS_adjusted
11213,40570,ISA MAPPING NB #1,24,SF; JD; MC,MC,rota,isa,NA,e3-ze4,E3,14104,neiso,NA,fr,e4,8.88,e3,1.04,2apr13: hsr changed quadrant diagonal from E4-ZE3 to E3-ZE4,JBD,2011-02-02,NA,40666,e3,14104,300947.8287,1565024.222,angle distance,300948.5891,1565014.652,GPS
11214,40570,ISA MAPPING NB #1,24,SF; JD; MC,MC,rota,isa,NA,e3-ze4,E3,14105,aglaia,38,fl,e4,8.89,e3,1.05,2apr13: hsr changed quadrant diagonal from E4-ZE3 to E3-ZE4,JBD,2011-02-02,NA,40666,e3,14105,300947.8287,1565024.222,angle distance,300948.5891,1565014.652,GPS
11215,40570,ISA MAPPING NB #1,24,SF; JD; MC,MC,rota,isa,NA,e3-ze4,E3,14106,guamia,NA,nff,e4,5.99,e3,7.21,2apr13: hsr changed quadrant diagonal from E4-ZE3 to E3-ZE4,JBD,2011-02-02,NA,40666,e3,14106,300947.8287,1565024.222,angle distance,300948.5891,1565014.652,GPS
11216,40570,ISA MAPPING NB #1,24,SF; JD; MC,MC,rota,isa,NA,e3-ze4,E4,14107,aglaia,55,fl,e4,3.73,e3,6.27,2apr13: hsr changed quadrant diagonal from E4-ZE3 to E3-ZE4,JBD,2011-02-02,NA,40666,e4,14107,300947.8287,1565024.222,angle distance,300948.5891,1565014.652,GPS
11217,40570,ISA MAPPING NB #1,24,SF; JD; MC,MC,rota,isa,NA,e3-ze4,E4,14108,guamia,NA,nff,e4,1.44,e3,9.01,2apr13: hsr changed quadrant diagonal from E4-ZE3 to E3-ZE4,JBD,2011-02-02,NA,40666,e4,14108,300947.8287,1565024.222,angle distance,300948.5891,1565014.652,GPS
11218,40570,ISA MAPPING NB #1,24,SF; JD; MC,MC,rota,isa,NA,e3-ze4,E4,14109,tri,NA,nff,e4,0.83,e3,9.57,2apr13: hsr changed quadrant diagonal from E4-ZE3 to E3-ZE4,JBD,2011-02-02,NA,40666,e4,14109,300947.8287,1565024.222,angle distance,300948.5891,1565014.652,GPS
11219,40570,ISA MAPPING NB #1,24,SF; JD; MC,MC,rota,isa,NA,e3-ze4,E4,14110,tri,18,nff,e4,1.02,e3,9.42,2apr13: hsr changed quadrant diagonal from E4-ZE3 to E3-ZE4,JBD,2011-02-02,NA,40666,e4,14110,300947.8287,1565024.222,angle distance,300948.5891,1565014.652,GPS
11220,40570,ISA MAPPING NB #1,24,SF; JD; MC,MC,rota,isa,NA,e3-ze4,E4,14111,aglaia,40,fl,e4,3.06,e3,8.4,2apr13: hsr changed quadrant diagonal from E4-ZE3 to E3-ZE4,JBD,2011-02-02,NA,40666,e4,14111,300947.8287,1565024.222,angle distance,300948.5891,1565014.652,GPS
11221,40570,ISA MAPPING NB #1,24,SF; JD; MC,MC,rota,isa,NA,e3-ze4,E4,14112,eug,8,nff,e4,0.5,e3,9.08,2apr13: hsr changed quadrant diagonal from E4-ZE3 to E3-ZE4,JBD,2011-02-02,NA,40666,e4,14112,300947.8287,1565024.222,angle distance,300948.5891,1565014.652,GPS
11222,40570,ISA MAPPING NB #1,24,SF; JD; MC,MC,rota,isa,NA,e3-ze4,ZE4,14113,guamia,NA,nff,e4,9.17,e3,10.21,2apr13: hsr changed quadrant diagonal from E4-ZE3 to E3-ZE4,JBD,2011-02-02,NA,40666,ze4,14113,300947.8287,1565024.222,angle distance,300948.5891,1565014.652,GPS
11223,40570,ISA MAPPING NB #1,24,SF; JD; MC,MC,rota,isa,NA,e3-ze4,ZE3,14114,guamia,NA,nff,e3,10.69,ze3,0.9,2apr13: hsr changed quadrant diagonal from E4-ZE3 to E3-ZE4,JBD,2011-02-02,NA,40666,ze3,14114,300957.1759,1565026.614,angle distance,300947.8287,1565024.222,angle distance
11224,40570,ISA MAPPING NB #1,26,SF; JD; MC,MC,rota,isa,NA,e2-ze3,ZE3,14115,tri,40,fr,ze3,3.4,e3,6.99,29mar13: hsr changed quadrant name from E3-ZE2 to E2-ZE3,JBD,2011-02-02,NA,40666,ze3,14115,300947.8287,1565024.222,angle distance,300957.1759,1565026.614,angle distance
11225,40570,ISA MAPPING NB #1,26,SF; JD; MC,MC,rota,isa,NA,e2-ze3,ZE3,14116,aglaia,59,nff,ze3,2.13,e3,8.15,29mar13: hsr changed quadrant name from E3-ZE2 to E2-ZE3,JBD,2011-02-02,NA,40666,ze3,14116,300947.8287,1565024.222,angle distance,300957.1759,1565026.614,angle distance
11226,40570,ISA MAPPING NB #1,26,SF; JD; MC,MC,rota,isa,NA,e2-ze3,ZE3,14117,eug,28,nff,ze3,1.66,e3,8.48,29mar13: hsr changed quadrant name from E3-ZE2 to E2-ZE3,JBD,2011-02-02,NA,40666,ze3,14117,300947.8287,1565024.222,angle distance,300957.1759,1565026.614,angle distance
11227,40570,ISA MAPPING NB #1,26,SF; JD; MC,MC,rota,isa,NA,e2-ze3,ZE3,14118,eug,8,nff,ze3,2.76,e3,9.08,29mar13: hsr changed quadrant name from E3-ZE2 to E2-ZE3,JBD,2011-02-02,NA,40666,ze3,14118,300947.8287,1565024.222,angle distance,300957.1759,1565026.614,angle distance
11228,40570,ISA MAPPING NB #1,26,SF; JD; MC,MC,rota,isa,NA,e2-ze3,ZE3,14119,eug,50,nff,ze3,5.74,e3,8.14,29mar13: hsr changed quadrant name from E3-ZE2 to E2-ZE3,JBD,2011-02-02,NA,40666,ze3,14119,300947.8287,1565024.222,angle distance,300957.1759,1565026.614,angle distance
11229,40570,ISA MAPPING NB #1,26,SF; JD; MC,MC,rota,isa,NA,e2-ze3,ZE3,14120,mel,43,nff,ze3,5.77,e3,6.6,SPECIES ID UNCLEAR; 29mar13: hsr changed quadrant name from E3-ZE2 to E2-ZE3,JBD,2011-02-02,NA,40666,ze3,14120,300947.8287,1565024.222,angle distance,300957.1759,1565026.614,angle distance
11230,40570,ISA MAPPING NB #1,26,SF; JD; MC,MC,rota,isa,NA,e2-ze3,ZE2,14121,tri,63,fr,ze2,3.94,ze3,8.32,29mar13: hsr changed quadrant name from E3-ZE2 to E2-ZE3,JBD,2011-02-02,NA,40666,ze2,14121,300957.1759,1565026.614,angle distance,300954.0598,1565037.585,angle distance
11231,40570,ISA MAPPING NB #1,26,SF; JD; MC,MC,rota,isa,NA,e2-ze3,ZE2,14122,tri,44,fr,ze2,2.62,ze3,9.59,29mar13: hsr changed quadrant name from E3-ZE2 to E2-ZE3,JBD,2011-02-02,NA,40666,ze2,14122,300957.1759,1565026.614,angle distance,300954.0598,1565037.585,angle distance
11232,40570,ISA MAPPING NB #1,26,SF; JD; MC,MC,rota,isa,NA,e2-ze3,ZE2,14123,guamia,NA,nff,ze2,3.33,ze3,8.64,29mar13: hsr changed quadrant name from E3-ZE2 to E2-ZE3,JBD,2011-02-02,NA,40666,ze2,14123,300957.1759,1565026.614,angle distance,300954.0598,1565037.585,angle distance
11233,40570,ISA MAPPING NB #1,26,SF; JD; MC,MC,rota,isa,NA,e2-ze3,ZE2,14124,mel,NA,fr,ze2,1.93,ze3,10.67,SPECIES ID UNCLEAR; 29mar13: hsr changed quadrant name from E3-ZE2 to E2-ZE3,JBD,2011-02-02,NA,40666,ze2,14124,300957.1759,1565026.614,angle distance,300954.0598,1565037.585,angle distance
11234,40570,ISA MAPPING NB #1,26,SF; JD; MC,MC,rota,isa,NA,e2-ze3,ZE2,14125,tri,NA,fr,ze2,3.79,ze3,10.17,29mar13: hsr changed quadrant name from E3-ZE2 to E2-ZE3,JBD,2011-02-02,NA,40666,ze2,14125,300957.1759,1565026.614,angle distance,300954.0598,1565037.585,angle distance
11235,40570,ISA MAPPING NB #1,26,SF; JD; MC,MC,rota,isa,NA,e2-ze3,ZE2,14126,tri,75,fr,ze2,4.72,ze3,10.77,29mar13: hsr changed quadrant name from E3-ZE2 to E2-ZE3,JBD,2011-02-02,NA,40666,ze2,14126,300957.1759,1565026.614,angle distance,300954.0598,1565037.585,angle distance
11236,40570,ISA MAPPING NB #1,26,SF; JD; MC,MC,rota,isa,NA,e2-ze3,ZE2,14127,tri,32,fr,ze2,4.43,ze3,9.45,29mar13: hsr changed quadrant name from E3-ZE2 to E2-ZE3,JBD,2011-02-02,NA,40666,ze2,14127,300957.1759,1565026.614,angle distance,300954.0598,1565037.585,angle distance
11237,40570,ISA MAPPING NB #1,26,SF; JD; MC,MC,rota,isa,NA,e2-ze3,ZE2,14128,tri,NA,fr,ze2,5.61,ze3,9.08,29mar13: hsr changed quadrant name from E3-ZE2 to E2-ZE3,JBD,2011-02-02,NA,40666,ze2,14128,300957.1759,1565026.614,angle distance,300954.0598,1565037.585,angle distance
11238,40570,ISA MAPPING NB #1,26,SF; JD; MC,MC,rota,isa,NA,e2-ze3,ZE2,14129,tri,NA,nff,ze2,4.74,ze3,10.14,29mar13: hsr changed quadrant name from E3-ZE2 to E2-ZE3,JBD,2011-02-02,NA,40666,ze2,14129,300957.1759,1565026.614,angle distance,300954.0598,1565037.585,angle distance
11239,40570,ISA MAPPING NB #1,26,SF; JD; MC,MC,rota,isa,NA,e2-ze3,ZE2,14130,premna,NA,dns,ze2,5.12,ze3,9.01,29mar13: hsr changed quadrant name from E3-ZE2 to E2-ZE3,JBD,2011-02-02,NA,40666,ze2,14130,300957.1759,1565026.614,angle distance,300954.0598,1565037.585,angle distance
11240,40570,ISA MAPPING NB #1,26,SF; JD; MC,MC,rota,isa,NA,e2-ze3,ZE2,14131,premna,65,nff,ze2,6.28,ze3,7.69,29mar13: hsr changed quadrant name from E3-ZE2 to E2-ZE3,JBD,2011-02-02,NA,40666,ze2,14131,300957.1759,1565026.614,angle distance,300954.0598,1565037.585,angle distance
11241,40570,ISA MAPPING NB #1,26,SF; JD; MC,MC,rota,isa,NA,e2-ze3,ZE2,14132,premna,NA,nff,ze2,6.1,ze3,7.65,29mar13: hsr changed quadrant name from E3-ZE2 to E2-ZE3,JBD,2011-02-02,NA,40666,ze2,14132,300957.1759,1565026.614,angle distance,300954.0598,1565037.585,angle distance
11242,40570,ISA MAPPING NB #1,26,SF; JD; MC,MC,rota,isa,NA,e2-ze3,E3,14133,premna,191,dns,ze3,9.88,e3,4.32,29mar13: hsr changed quadrant name from E3-ZE2 to E2-ZE3,JBD,2011-02-02,NA,40666,e3,14133,300947.8287,1565024.222,angle distance,300957.1759,1565026.614,angle distance
11243,40570,ISA MAPPING NB #1,27,SF; JD; MC,MC,rota,isa,NA,e2-ze3,E3,14134,premna,NA,nff,ze3,8.07,e3,4.58,29mar13: hsr changed quadrant name from E3-ZE2 to E2-ZE3,JBD,2011-02-02,NA,40666,e3,14134,300947.8287,1565024.222,angle distance,300957.1759,1565026.614,angle distance
11244,40570,ISA MAPPING NB #1,27,SF; JD; MC,MC,rota,isa,NA,e2-ze3,E3,14135,eug,NA,nff,ze3,8.06,e3,4.94,29mar13: hsr changed quadrant name from E3-ZE2 to E2-ZE3,JBD,2011-02-02,NA,40666,e3,14135,300947.8287,1565024.222,angle distance,300957.1759,1565026.614,angle distance
11245,40570,ISA MAPPING NB #1,27,SF; JD; MC,MC,rota,isa,NA,e2-ze3,E3,14136,aglaia,NA,fl,ze3,9.07,e3,1.98,29mar13: hsr changed quadrant name from E3-ZE2 to E2-ZE3,JBD,2011-02-02,NA,40666,e3,14136,300947.8287,1565024.222,angle distance,300957.1759,1565026.614,angle distance
11246,40570,ISA MAPPING NB #1,28,SF; JD; MC,MC,rota,isa,NA,d2-e3,D2,14137,tri,16,fl,e3,9.58,d3,7.82, 29mar13: hsr changed quadrant name from D3-E2 to D2-E3,JBD,2011-02-02,NA,40666,d2,14137,300937.0479,1565019.878,GPS,300947.8287,1565024.222,angle distance
11247,40570,ISA MAPPING NB #1,28,SF; JD; MC,MC,rota,isa,NA,d2-e3,D3,14138,premna,109,nff,e3,5.39,d3,5.37, 29mar13: hsr changed quadrant name from D3-E2 to D2-E3,JBD,2011-02-02,NA,40666,d3,14138,300937.0479,1565019.878,GPS,300947.8287,1565024.222,angle distance
11248,40570,ISA MAPPING NB #1,30,SF; JD; MC,SF,rota,isa,NA,c2-d3,C3,14139,tri,65,fr,c3,4.88,c2,6.19,29mar13: hsr changed quadrant name from C3-D2 to C2-D3,JBD,2011-02-02,NA,40666,c3,14139,300927.1523,1565031.611,GPS,300928.247965,1565020.35702,GPS_adjusted
11249,40570,ISA MAPPING NB #1,30,SF; JD; MC,SF,rota,isa,NA,c2-d3,C3,14140,aglaia,125,fl,c3,4.26,c2,6.56,29mar13: hsr changed quadrant name from C3-D2 to C2-D3,JBD,2011-02-02,NA,40666,c3,14140,300927.1523,1565031.611,GPS,300928.247965,1565020.35702,GPS_adjusted
11250,40570,ISA MAPPING NB #1,30,SF; JD; MC,SF,rota,isa,NA,c2-d3,C3,14141,eug,NA,nff,c3,4.27,c2,6.12,29mar13: hsr changed quadrant name from C3-D2 to C2-D3,JBD,2011-02-02,NA,40666,c3,14141,300927.1523,1565031.611,GPS,300928.247965,1565020.35702,GPS_adjusted
11251,40570,ISA MAPPING NB #1,32,SF; JD; MC,SF,rota,isa,NA,b2-c3,B2,14142,tri,10,nff,c2,5.59,c3,7.65,29mar13: hsr changed quadrant name from B3-C2 to B2-C3,JBD,2011-02-02,NA,40666,b2,14142,300928.247965,1565020.35702,GPS_adjusted,300927.1523,1565031.611,GPS
11252,40570,ISA MAPPING NB #1,32,SF; JD; MC,SF,rota,isa,NA,b2-c3,B2,14143,aglaia,64,nff,c2,6.49,c3,11.64,29mar13: hsr changed quadrant name from B3-C2 to B2-C3,JBD,2011-02-02,NA,40666,b2,14143,300928.247965,1565020.35702,GPS_adjusted,300927.1523,1565031.611,GPS
11253,40570,ISA MAPPING NB #1,32,SF; JD; MC,SF,rota,isa,NA,b2-c3,B2,14144,guamia,47,nff,c2,7.71,c3,12.18,29mar13: hsr changed quadrant name from B3-C2 to B2-C3,JBD,2011-02-02,NA,40666,b2,14144,300928.247965,1565020.35702,GPS_adjusted,300927.1523,1565031.611,GPS
11254,40570,ISA MAPPING NB #1,32,SF; JD; MC,SF,rota,isa,NA,b2-c3,B2,14145,aglaia,60,nff,c2,7.75,c3,10.36,29mar13: hsr changed quadrant name from B3-C2 to B2-C3,JBD,2011-02-02,NA,40666,b2,14145,300928.247965,1565020.35702,GPS_adjusted,300927.1523,1565031.611,GPS
11255,40570,ISA MAPPING NB #1,32,SF; JD; MC,SF,rota,isa,NA,b2-c3,B3,14146,guamia,106,nff,b3,2.24,b2,7.01,29mar13: hsr changed quadrant name from B3-C2 to B2-C3,JBD,2011-02-02,NA,40666,b3,14146,300918.1073,1565030.464,GPS,300919.5169,1565019.093,GPS
11256,40570,ISA MAPPING NB #1,34,SF; JD; MC,SF,rota,isa,NA,a2-b3,B3,14147,guamia,NA,nff,b2,7.27,b3,4.29,29mar13: hsr changed name from A3-B2 to B2-A3,JBD,2011-02-02,NA,40666,b3,14147,300919.5169,1565019.093,GPS,300918.1073,1565030.464,GPS
11257,40570,ISA MAPPING NB #1,34,SF; JD; MC,SF,rota,isa,NA,a2-b3,B2,14148,tri,13,fr,b2,6.15,b3,5.82,29mar13: hsr changed name from A3-B2 to B2-A3,JBD,2011-02-02,NA,40666,b2,14148,300919.5169,1565019.093,GPS,300918.1073,1565030.464,GPS
11258,40570,ISA MAPPING NB #1,34,SF; JD; MC,SF,rota,isa,NA,a2-b3,B2,14149,tri,16,nff,b2,6.24,b3,7.62,29mar13: hsr changed name from A3-B2 to B2-A3,JBD,2011-02-02,NA,40666,b2,14149,300919.5169,1565019.093,GPS,300918.1073,1565030.464,GPS
11259,40570,ISA MAPPING NB #1,34,SF; JD; MC,SF,rota,isa,NA,a2-b3,B2,14150,tri,15,nff,b2,5.63,b3,7.67,29mar13: hsr changed name from A3-B2 to B2-A3,JBD,2011-02-02,NA,40666,b2,14150,300919.5169,1565019.093,GPS,300918.1073,1565030.464,GPS
11260,40570,ISA MAPPING NB #1,34,SF; JD; MC,SF,rota,isa,NA,a2-b3,B2,14151,premna,NA,dns,b2,3.97,b3,6.04,29mar13: hsr changed name from A3-B2 to B2-A3,JBD,2011-02-02,NA,40666,b2,14151,300919.5169,1565019.093,GPS,300918.1073,1565030.464,GPS
11261,40570,ISA MAPPING NB #1,34,SF; JD; MC,SF,rota,isa,NA,a2-b3,B2,14152,premna,NA,dns,b2,3.49,b3,7.07,29mar13: hsr changed name from A3-B2 to B2-A3,JBD,2011-02-02,NA,40666,b2,14152,300919.5169,1565019.093,GPS,300918.1073,1565030.464,GPS
11262,40570,ISA MAPPING NB #1,34,SF; JD; MC,SF,rota,isa,NA,a2-b3,B2,14153,eug,25,nff,b2,3.15,b3,6.83,29mar13: hsr changed name from A3-B2 to B2-A3,JBD,2011-02-02,NA,40666,b2,14153,300919.5169,1565019.093,GPS,300918.1073,1565030.464,GPS
11263,40570,ISA MAPPING NB #1,34,SF; JD; MC,SF,rota,isa,NA,a2-b3,B2,14154,mayt,NA,nff,b2,1.14,b3,8.39,29mar13: hsr changed name from A3-B2 to B2-A3,JBD,2011-02-02,NA,40666,b2,14154,300919.5169,1565019.093,GPS,300918.1073,1565030.464,GPS
11264,40570,ISA MAPPING NB #1,34,SF; JD; MC,SF,rota,isa,NA,a2-b3,B2,14155,mor,54,fr,a2,6.55,b2,3.15,29mar13: hsr changed name from A3-B2 to B2-A3,JBD,2011-02-02,NA,40666,b2,14155,300918.1073,1565030.464,GPS,300907.4329,1565028.08,GPS
11265,40570,ISA MAPPING NB #1,34,SF; JD; MC,SF,rota,isa,NA,a2-b3,B2,14156,premna,113,dns,a2,7.7,b2,2.12,29mar13: hsr changed name from A3-B2 to B2-A3,JBD,2011-02-02,NA,40666,b2,14156,300918.1073,1565030.464,GPS,300907.4329,1565028.08,GPS
11266,40570,ISA MAPPING NB #1,34,SF; JD; MC,SF,rota,isa,NA,a2-b3,A2,14157,guamia,83,nff,a2,3.22,b2,6.17,29mar13: hsr changed name from A3-B2 to B2-A3,JBD,2011-02-02,NA,40666,a2,14157,300918.1073,1565030.464,GPS,300907.4329,1565028.08,GPS
11267,40570,ISA MAPPING NB #1,34,SF; JD; MC,SF,rota,isa,NA,a2-b3,A2,14158,tri,NA,fr,a2,2.66,b2,6.81,29mar13: hsr changed name from A3-B2 to B2-A3,JBD,2011-02-02,NA,40666,a2,14158,300918.1073,1565030.464,GPS,300907.4329,1565028.08,GPS
11268,40570,ISA MAPPING NB #1,34,SF; JD; MC,SF,rota,isa,NA,a2-b3,A3,14159,tri,12,fr,a3,4.06,a2,6.02,29mar13: hsr changed name from A3-B2 to B2-A3,JBD,2011-02-02,NA,40666,a3,14159,300907.4329,1565028.08,GPS,300911.1254,1565019.381,angle distance
11269,40570,ISA MAPPING NB #1,34,SF; JD; MC,SF,rota,isa,NA,a2-b3,A3,14160,mor,NA,nff,a3,3.65,a2,7.11,29mar13: hsr changed name from A3-B2 to B2-A3,JBD,2011-02-02,NA,40666,a3,14160,300907.4329,1565028.08,GPS,300911.1254,1565019.381,angle distance
11270,40570,ISA MAPPING NB #1,34,SF; JD; MC,SF,rota,isa,NA,a2-b3,A3,14161,mor,NA,nff,a3,3.32,a2,6.68,29mar13: hsr changed name from A3-B2 to B2-A3,JBD,2011-02-02,NA,40666,a3,14161,300907.4329,1565028.08,GPS,300911.1254,1565019.381,angle distance
11271,40570,ISA MAPPING NB #1,34,SF; JD; MC,SF,rota,isa,NA,a2-b3,A3,14162,mel,119,nff,a3,2.25,a2,6.66,29mar13: hsr changed name from A3-B2 to B2-A3,JBD,2011-02-02,NA,40666,a3,14162,300907.4329,1565028.08,GPS,300911.1254,1565019.381,angle distance
11272,40570,ISA MAPPING NB #1,36,SF; JD; MC,MC,rota,isa,NA,a2-za3,A3,14163,guamia,NA,nff,a2,4.7,a3,3.71,NA,JBD,2011-02-02,NA,40666,a3,14163,300911.1254,1565019.381,angle distance,300907.4329,1565028.08,GPS
11273,40570,ISA MAPPING NB #1,36,SF; JD; MC,MC,rota,isa,NA,a2-za3,A2,14164,aglaia,107,fl,a2,1.02,a3,6.99,NA,JBD,2011-02-02,NA,40666,a2,14164,300911.1254,1565019.381,angle distance,300907.4329,1565028.08,GPS
11274,40570,ISA MAPPING NB #1,36,SF; JD; MC,MC,rota,isa,NA,a2-za3,ZA3,14165,premna,NA,nff,a2,6.32,a3,6.77,SPECIES ID UNCLEAR,JBD,2011-02-02,NA,40666,za3,14165,300911.1254,1565019.381,angle distance,300907.4329,1565028.08,GPS
11275,40570,ISA MAPPING NB #1,36,SF; JD; MC,MC,rota,isa,NA,a2-za3,ZA3,14166,aglaia,68,fl,a2,6.48,a3,6.39,NA,JBD,2011-02-02,NA,40666,za3,14166,300911.1254,1565019.381,angle distance,300907.4329,1565028.08,GPS
11276,40570,ISA MAPPING NB #1,36,SF; JD; MC,MC,rota,isa,NA,a2-za3,ZA3,14167,aglaia,51,nff,za3,2.18,za2,6.49,NA,JBD,2011-02-02,NA,40666,za3,14167,300897.8832,1565024.791,angle distance,300899.389816,1565016.21625,GPS_adjusted
11277,40570,ISA MAPPING NB #1,38,SF; JD; MC,MC,rota,isa,NA,a1-za2,ZA1,14168,mor,NA,nff,za1,2.03,a1,9.59,NA,JBD,2011-02-02,NA,40666,za1,14168,300904.634969,1565038.63108,GPS_adjusted,300893.79913,1565036.17343,angle distance_adjusted
11278,40570,ISA MAPPING NB #1,38,SF; JD; MC,MC,rota,isa,NA,a1-za2,ZA1,14169,mor,62,fr,za1,4.46,a1,7.05,NA,JBD,2011-02-02,NA,40666,za1,14169,300904.634969,1565038.63108,GPS_adjusted,300893.79913,1565036.17343,angle distance_adjusted
11279,40570,ISA MAPPING NB #1,38,SF; JD; MC,MC,rota,isa,NA,a1-za2,ZA1,14170,aglaia,110,fl,za1,5.72,a1,4.79,NA,JBD,2011-02-02,NA,40666,za1,14170,300904.634969,1565038.63108,GPS_adjusted,300893.79913,1565036.17343,angle distance_adjusted
11280,40570,ISA MAPPING NB #1,38,SF; JD; MC,MC,rota,isa,NA,a1-za2,ZA1,14171,mor,NA,fr,za1,8.62,a1,4.79,NA,JBD,2011-02-02,NA,40666,za1,14171,300904.634969,1565038.63108,GPS_adjusted,300893.79913,1565036.17343,angle distance_adjusted
11281,40570,ISA MAPPING NB #1,38,SF; JD; MC,MC,rota,isa,NA,a1-za2,ZA1,14172,mor,48,fr,za1,8.18,a1,4.45,NA,JBD,2011-02-02,NA,40666,za1,14172,300904.634969,1565038.63108,GPS_adjusted,300893.79913,1565036.17343,angle distance_adjusted
11282,40570,ISA MAPPING NB #1,38,SF; JD; MC,MC,rota,isa,NA,a1-za2,A1,14173,tri,9,fr,za1,8.27,a1,3.07,NA,JBD,2011-02-02,NA,40666,a1,14173,300904.634969,1565038.63108,GPS_adjusted,300893.79913,1565036.17343,angle distance_adjusted
11283,40570,ISA MAPPING NB #1,38,SF; JD; MC,MC,rota,isa,NA,a1-za2,A1,14174,premna,143,nff,za1,10.72,a1,2.79,NA,JBD,2011-02-02,NA,40666,a1,14174,300904.634969,1565038.63108,GPS_adjusted,300893.79913,1565036.17343,angle distance_adjusted
11284,40570,ISA MAPPING NB #1,38,SF; JD; MC,MC,rota,isa,NA,a1-za2,A2,14175,aglaia,82,fl,a2,3.9,za2,5.57,NA,JBD,2011-02-02,NA,40666,a2,14175,300897.8832,1565024.791,angle distance,300907.4329,1565028.08,GPS
11285,40570,ISA MAPPING NB #1,38,SF; JD; MC,MC,rota,isa,NA,a1-za2,A2,14176,aglaia,64,fl,a2,4.15,za2,7.68,NA,JBD,2011-02-02,NA,40666,a2,14176,300897.8832,1565024.791,angle distance,300907.4329,1565028.08,GPS
11286,40571,ISA MAPPING NB #1,40,SF; JD; MC,JD,rota,isa,NA,a1-b2,A1,14177,mor,56,nff,b2,11.78,a2,8.64,29mar13: hsr changed name from A2-B1 to A1-B2,JBD,2011-02-02,NA,40666,a1,14177,300907.4329,1565028.08,GPS,300918.1073,1565030.464,GPS
11287,40571,ISA MAPPING NB #1,40,SF; JD; MC,JD,rota,isa,NA,a1-b2,A1,14178,mor,140,dns,b2,11.38,a2,10.27,29mar13: hsr changed name from A2-B1 to A1-B2,JBD,2011-02-02,NA,40666,a1,14178,300907.4329,1565028.08,GPS,300918.1073,1565030.464,GPS
11288,40571,ISA MAPPING NB #1,40,SF; JD; MC,JD,rota,isa,NA,a1-b2,A1,14179,aglaia,63,nff,a1,6.6,b1,7.25,29mar13: hsr changed name from A2-B1 to A1-B2,JBD,2011-02-02,NA,40666,a1,14179,300916.343,1565040.469,angle distance,300904.634969,1565038.63108,GPS_adjusted
11289,40571,ISA MAPPING NB #1,40,SF; JD; MC,JD,rota,isa,NA,a1-b2,A1,14180,premna,185,dns,a1,4.63,b1,9.74,29mar13: hsr changed name from A2-B1 to A1-B2,JBD,2011-02-02,NA,40666,a1,14180,300916.343,1565040.469,angle distance,300904.634969,1565038.63108,GPS_adjusted
11290,40571,ISA MAPPING NB #1,40,SF; JD; MC,JD,rota,isa,NA,a1-b2,A2,14181,mor,43,nff,b2,7.76,a2,1.99,29mar13: hsr changed name from A2-B1 to A1-B2,JBD,2011-02-02,NA,40666,a2,14181,300907.4329,1565028.08,GPS,300918.1073,1565030.464,GPS
11291,40571,ISA MAPPING NB #1,40,SF; JD; MC,JD,rota,isa,NA,a1-b2,A2,14182,psych,NA,nff,b2,6.02,a2,3.75,SPECIES ID UNCLEAR; 29mar13: hsr changed name from A2-B1 to A1-B2,JBD,2011-02-02,NA,40666,a2,14182,300907.4329,1565028.08,GPS,300918.1073,1565030.464,GPS
11292,40571,ISA MAPPING NB #1,40,SF; JD; MC,JD,rota,isa,NA,a1-b2,A2,14183,mor,48,nff,b2,5.36,a2,4.82,29mar13: hsr changed name from A2-B1 to A1-B2,JBD,2011-02-02,NA,40666,a2,14183,300907.4329,1565028.08,GPS,300918.1073,1565030.464,GPS
11293,40571,ISA MAPPING NB #1,40,SF; JD; MC,JD,rota,isa,NA,a1-b2,A2,14184,mor,62,nff,b2,5.27,a2,4.82,29mar13: hsr changed name from A2-B1 to A1-B2,JBD,2011-02-02,NA,40666,a2,14184,300907.4329,1565028.08,GPS,300918.1073,1565030.464,GPS
11294,40571,ISA MAPPING NB #1,40,SF; JD; MC,JD,rota,isa,NA,a1-b2,B2,14185,eug,42,nff,b2,3.55,a2,6.23,29mar13: hsr changed name from A2-B1 to A1-B2,JBD,2011-02-02,NA,40666,b2,14185,300907.4329,1565028.08,GPS,300918.1073,1565030.464,GPS
11295,40571,ISA MAPPING NB #1,40,SF; JD; MC,JD,rota,isa,NA,a1-b2,B2,14186,premna,80,dns,b2,5.36,a2,7.11,29mar13: hsr changed name from A2-B1 to A1-B2,JBD,2011-02-02,NA,40666,b2,14186,300907.4329,1565028.08,GPS,300918.1073,1565030.464,GPS
11296,40571,ISA MAPPING NB #1,40,SF; JD; MC,JD,rota,isa,NA,a1-b2,B2,14187,premna,48,dns,b2,4.8,a2,7.2,29mar13: hsr changed name from A2-B1 to A1-B2,JBD,2011-02-02,NA,40666,b2,14187,300907.4329,1565028.08,GPS,300918.1073,1565030.464,GPS
11297,40571,ISA MAPPING NB #1,40,SF; JD; MC,JD,rota,isa,NA,a1-b2,B2,14188,premna,98,nff,b2,3.3,a2,7.99,29mar13: hsr changed name from A2-B1 to A1-B2,JBD,2011-02-02,NA,40666,b2,14188,300907.4329,1565028.08,GPS,300918.1073,1565030.464,GPS
11298,40571,ISA MAPPING NB #1,40,SF; JD; MC,JD,rota,isa,NA,a1-b2,B1,14189,mor,NA,nff,b2,8.23,a2,11.41,29mar13: hsr changed name from A2-B1 to A1-B2,JBD,2011-02-02,NA,40666,b1,14189,300907.4329,1565028.08,GPS,300918.1073,1565030.464,GPS
11299,40571,ISA MAPPING NB #1,40,SF; JD; MC,JD,rota,isa,NA,a1-b2,B1,14190,tri,14,nff,b2,8.23,a2,11.41,29mar13: hsr changed name from A2-B1 to A1-B2,JBD,2011-02-02,NA,40666,b1,14190,300907.4329,1565028.08,GPS,300918.1073,1565030.464,GPS
11300,40571,ISA MAPPING NB #1,40,SF; JD; MC,JD,rota,isa,NA,a1-b2,B1,14191,mor,44,nff,b2,7.76,a2,10.11,29mar13: hsr changed name from A2-B1 to A1-B2,JBD,2011-02-02,NA,40666,b1,14191,300907.4329,1565028.08,GPS,300918.1073,1565030.464,GPS
11301,40571,ISA MAPPING NB #1,40,SF; JD; MC,JD,rota,isa,NA,a1-b2,B1,14192,mor,66,fr,b2,7.6,a2,9.09,29mar13: hsr changed name from A2-B1 to A1-B2,JBD,2011-02-02,NA,40666,b1,14192,300907.4329,1565028.08,GPS,300918.1073,1565030.464,GPS
11302,40571,ISA MAPPING NB #1,40,SF; JD; MC,JD,rota,isa,NA,a1-b2,B1,14193,mor,72,fr,b2,7.57,a2,8.12,29mar13: hsr changed name from A2-B1 to A1-B2,JBD,2011-02-02,NA,40666,b1,14193,300907.4329,1565028.08,GPS,300918.1073,1565030.464,GPS
11303,40571,ISA MAPPING NB #1,40,SF; JD; MC,JD,rota,isa,NA,a1-b2,B1,14194,mor,49,nff,b2,7.58,a2,7.73,29mar13: hsr changed name from A2-B1 to A1-B2,JBD,2011-02-02,NA,40666,b1,14194,300907.4329,1565028.08,GPS,300918.1073,1565030.464,GPS
11304,40571,ISA MAPPING NB #1,40,SF; JD; MC,JD,rota,isa,NA,a1-b2,B1,14195,mor,51,fr,b2,8,a2,8.16,29mar13: hsr changed name from A2-B1 to A1-B2,JBD,2011-02-02,NA,40666,b1,14195,300907.4329,1565028.08,GPS,300918.1073,1565030.464,GPS
11305,40571,ISA MAPPING NB #1,40,SF; JD; MC,JD,rota,isa,NA,a1-b2,B1,14196,mor,NA,fr,b2,7.91,a2,7.28,29mar13: hsr changed name from A2-B1 to A1-B2,JBD,2011-02-02,NA,40666,b1,14196,300907.4329,1565028.08,GPS,300918.1073,1565030.464,GPS
11306,40571,ISA MAPPING NB #1,40,SF; JD; MC,JD,rota,isa,NA,a1-b2,B1,14197,aglaia,42,fl,b2,8.52,a2,10.64,29mar13: hsr changed name from A2-B1 to A1-B2,JBD,2011-02-02,NA,40666,b1,14197,300907.4329,1565028.08,GPS,300918.1073,1565030.464,GPS
11307,40571,ISA MAPPING NB #1,42,SF; JD; MC,MC,rota,isa,NA,b1-c2,B1,14198,aglaia,48,nff,c2,10.02,b2,6.28,29mar13: hsr changed quadrant name from B2-C1 to B1-C2,JBD,2011-02-02,NA,40666,b1,14198,300918.1073,1565030.464,GPS,300927.1523,1565031.611,GPS
11308,40571,ISA MAPPING NB #1,42,SF; JD; MC,MC,rota,isa,NA,b1-c2,B2,14199,aglaia,144,fl,c2,6.45,b2,6.42,29mar13: hsr changed quadrant name from B2-C1 to B1-C2,JBD,2011-02-02,NA,40666,b2,14199,300918.1073,1565030.464,GPS,300927.1523,1565031.611,GPS
11309,40571,ISA MAPPING NB #1,42,SF; JD; MC,MC,rota,isa,NA,b1-c2,B2,14200,aglaia,52,nff,c2,8.68,b2,5.81,29mar13: hsr changed quadrant name from B2-C1 to B1-C2,JBD,2011-02-02,NA,40666,b2,14200,300918.1073,1565030.464,GPS,300927.1523,1565031.611,GPS
11310,40571,ISA MAPPING NB #1,42,SF; JD; MC,MC,rota,isa,NA,b1-c2,B2,14202,eug,NA,nff,c2,9.47,b2,4.23,29mar13: hsr changed quadrant name from B2-C1 to B1-C2,JBD,2011-02-02,NA,40666,b2,14202,300918.1073,1565030.464,GPS,300927.1523,1565031.611,GPS
11311,40571,ISA MAPPING NB #1,42,SF; JD; MC,MC,rota,isa,NA,b1-c2,B2,14203,premna,120,nff,c2,9.11,b2,5.4,29mar13: hsr changed quadrant name from B2-C1 to B1-C2,JBD,2011-02-02,NA,40666,b2,14203,300918.1073,1565030.464,GPS,300927.1523,1565031.611,GPS
11312,40571,ISA MAPPING NB #1,42,SF; JD; MC,MC,rota,isa,NA,b1-c2,B2,14204,eug,31,nff,c2,7.84,b2,3.4,29mar13: hsr changed quadrant name from B2-C1 to B1-C2,JBD,2011-02-02,NA,40666,b2,14204,300918.1073,1565030.464,GPS,300927.1523,1565031.611,GPS
11313,40571,ISA MAPPING NB #1,42,SF; JD; MC,MC,rota,isa,NA,b1-c2,C2,14205,tri,12,nff,c2,3.92,b2,6.23,29mar13: hsr changed quadrant name from B2-C1 to B1-C2,JBD,2011-02-02,NA,40666,c2,14205,300918.1073,1565030.464,GPS,300927.1523,1565031.611,GPS
11314,40571,ISA MAPPING NB #1,42,SF; JD; MC,MC,rota,isa,NA,b1-c2,C2,14206,aglaia,62,fl,c2,4.48,b2,7.48,29mar13: hsr changed quadrant name from B2-C1 to B1-C2,JBD,2011-02-02,NA,40666,c2,14206,300918.1073,1565030.464,GPS,300927.1523,1565031.611,GPS
11315,40571,ISA MAPPING NB #1,42,SF; JD; MC,MC,rota,isa,NA,b1-c2,C2,14207,aglaia,81,fl,c2,4.89,b2,10.06,29mar13: hsr changed quadrant name from B2-C1 to B1-C2,JBD,2011-02-02,NA,40666,c2,14207,300918.1073,1565030.464,GPS,300927.1523,1565031.611,GPS
11316,40571,ISA MAPPING NB #1,42,SF; JD; MC,MC,rota,isa,NA,b1-c2,C1,14208,aglaia,61,nff,c1,4.95,c2,7.77,29mar13: hsr changed quadrant name from B2-C1 to B1-C2,JBD,2011-02-02,NA,40666,c1,14208,300927.1523,1565031.611,GPS,300926.070227,1565042.36601,angle distance_adjusetd
11317,40571,ISA MAPPING NB #1,44,SF; JD; MC,SF,rota,isa,NA,c1-d2,C1,14209,aglaia,NA,nff,d2,13.51,c2,6.78,29mar13: hsr changed quadrant name from C2-D1 to C1-D2,JBD,2011-02-02,NA,40666,c1,14209,300927.1523,1565031.611,GPS,300937.060339,1565032.93528,angle distance_adjusted
11318,40571,ISA MAPPING NB #1,44,SF; JD; MC,SF,rota,isa,NA,c1-d2,C1,14210,aglaia,55,nff,d2,13.4,c2,9.23,29mar13: hsr changed quadrant name from C2-D1 to C1-D2,JBD,2011-02-02,NA,40666,c1,14210,300927.1523,1565031.611,GPS,300937.060339,1565032.93528,angle distance_adjusted
11319,40571,ISA MAPPING NB #1,44,SF; JD; MC,SF,rota,isa,NA,c1-d2,C1,14211,aglaia,140,nff,d2,12.26,c2,7.56,29mar13: hsr changed quadrant name from C2-D1 to C1-D2,JBD,2011-02-02,NA,40666,c1,14211,300927.1523,1565031.611,GPS,300937.060339,1565032.93528,angle distance_adjusted
11320,40571,ISA MAPPING NB #1,44,SF; JD; MC,SF,rota,isa,NA,c1-d2,C1,14212,aglaia,105,nff,d2,12.12,c2,8.88,29mar13: hsr changed quadrant name from C2-D1 to C1-D2,JBD,2011-02-02,NA,40666,c1,14212,300927.1523,1565031.611,GPS,300937.060339,1565032.93528,angle distance_adjusted
11321,40571,ISA MAPPING NB #1,44,SF; JD; MC,SF,rota,isa,NA,c1-d2,C1,14213,aglaia,49,nff,d2,12.23,c2,9.62,29mar13: hsr changed quadrant name from C2-D1 to C1-D2,JBD,2011-02-02,NA,40666,c1,14213,300927.1523,1565031.611,GPS,300937.060339,1565032.93528,angle distance_adjusted
11322,40571,ISA MAPPING NB #1,44,SF; JD; MC,SF,rota,isa,NA,c1-d2,C2,14214,aglaia,135,fl,d2,10.24,c2,2.72,29mar13: hsr changed quadrant name from C2-D1 to C1-D2,JBD,2011-02-02,NA,40666,c2,14214,300927.1523,1565031.611,GPS,300937.060339,1565032.93528,angle distance_adjusted
11323,40571,ISA MAPPING NB #1,44,SF; JD; MC,SF,rota,isa,NA,c1-d2,C2,14215,mel,64,nff,d2,9.77,c2,5.23,29mar13: hsr changed quadrant name from C2-D1 to C1-D2,JBD,2011-02-02,NA,40666,c2,14215,300927.1523,1565031.611,GPS,300937.060339,1565032.93528,angle distance_adjusted
11324,40571,ISA MAPPING NB #1,44,SF; JD; MC,SF,rota,isa,NA,c1-d2,C2,14216,premna,NA,dns,d2,7.08,c2,5.14,29mar13: hsr changed quadrant name from C2-D1 to C1-D2,JBD,2011-02-02,NA,40666,c2,14216,300927.1523,1565031.611,GPS,300937.060339,1565032.93528,angle distance_adjusted
11325,40571,ISA MAPPING NB #1,44,SF; JD; MC,SF,rota,isa,NA,c1-d2,D2,14217,premna,NA,nff,d2,4.87,c2,6.49,29mar13: hsr changed quadrant name from C2-D1 to C1-D2,JBD,2011-02-02,NA,40666,d2,14217,300927.1523,1565031.611,GPS,300937.060339,1565032.93528,angle distance_adjusted
11326,40571,ISA MAPPING NB #1,44,SF; JD; MC,SF,rota,isa,NA,c1-d2,D2,14218,premna,132,dns,d2,6.02,c2,7.18,29mar13: hsr changed quadrant name from C2-D1 to C1-D2,JBD,2011-02-02,NA,40666,d2,14218,300927.1523,1565031.611,GPS,300937.060339,1565032.93528,angle distance_adjusted
11327,40571,ISA MAPPING NB #1,44,SF; JD; MC,SF,rota,isa,NA,c1-d2,D2,14219,?,45,nff,d2,6.08,c2,6.86,29mar13: hsr changed quadrant name from C2-D1 to C1-D2,JBD,2011-02-02,NA,40666,d2,14219,300927.1523,1565031.611,GPS,300937.060339,1565032.93528,angle distance_adjusted
11328,40571,ISA MAPPING NB #1,44,SF; JD; MC,SF,rota,isa,NA,c1-d2,D2,14220,premna,NA,dns,d2,6.57,c2,7.38,29mar13: hsr changed quadrant name from C2-D1 to C1-D2,JBD,2011-02-02,NA,40666,d2,14220,300927.1523,1565031.611,GPS,300937.060339,1565032.93528,angle distance_adjusted
11329,40571,ISA MAPPING NB #1,44,SF; JD; MC,SF,rota,isa,NA,c1-d2,D2,14221,premna,171,nff,d2,5.56,c2,8.05,29mar13: hsr changed quadrant name from C2-D1 to C1-D2,JBD,2011-02-02,NA,40666,d2,14221,300927.1523,1565031.611,GPS,300937.060339,1565032.93528,angle distance_adjusted
11330,40571,ISA MAPPING NB #1,46,SF; JD; MC,MC,rota,isa,NA,d1-e2,D1,14222,premna,98,nff,d2,7.02,d1,2.22,29mar13: hsr changed quadrant name from D2-E1 to D1-E2,JBD,2011-02-02,NA,40666,d1,14222,300936.047188,1565043.11441,GPS_adjusted,300937.060339,1565032.93528,angle distance_adjusted
11331,40571,ISA MAPPING NB #1,46,SF; JD; MC,MC,rota,isa,NA,d1-e2,D1,14223,premna,121,nff,d2,8.81,d1,3.72,29mar13: hsr changed quadrant name from D2-E1 to D1-E2,JBD,2011-02-02,NA,40666,d1,14223,300936.047188,1565043.11441,GPS_adjusted,300937.060339,1565032.93528,angle distance_adjusted
11332,40571,ISA MAPPING NB #1,46,SF; JD; MC,MC,rota,isa,NA,d1-e2,D1,14224,aglaia,146,nff,d2,8.5,d1,3.84,29mar13: hsr changed quadrant name from D2-E1 to D1-E2,JBD,2011-02-02,NA,40666,d1,14224,300936.047188,1565043.11441,GPS_adjusted,300937.060339,1565032.93528,angle distance_adjusted
11333,40571,ISA MAPPING NB #1,46,SF; JD; MC,MC,rota,isa,NA,d1-e2,D2,14225,aglaia,43,nff,d2,4.76,d1,4.58,29mar13: hsr changed quadrant name from D2-E1 to D1-E2,JBD,2011-02-02,NA,40666,d2,14225,300936.047188,1565043.11441,GPS_adjusted,300937.060339,1565032.93528,angle distance_adjusted
11334,40571,ISA MAPPING NB #1,46,SF; JD; MC,MC,rota,isa,NA,d1-e2,D2,14226,mel,NA,nff,d2,4.83,d1,4.84,29mar13: hsr changed quadrant name from D2-E1 to D1-E2,JBD,2011-02-02,NA,40666,d2,14226,300936.047188,1565043.11441,GPS_adjusted,300937.060339,1565032.93528,angle distance_adjusted
11335,40571,ISA MAPPING NB #1,46,SF; JD; MC,MC,rota,isa,NA,d1-e2,D2,14227,premna,155,dns,d2,4.65,d1,5.75,29mar13: hsr changed quadrant name from D2-E1 to D1-E2,JBD,2011-02-02,NA,40666,d2,14227,300936.047188,1565043.11441,GPS_adjusted,300937.060339,1565032.93528,angle distance_adjusted
11336,40571,ISA MAPPING NB #1,46,SF; JD; MC,MC,rota,isa,NA,d1-e2,E2,14228,premna,116,nff,d2,9.27,d1,8.78,29mar13: hsr changed quadrant name from D2-E1 to D1-E2,JBD,2011-02-02,NA,40666,e2,14228,300936.047188,1565043.11441,GPS_adjusted,300937.060339,1565032.93528,angle distance_adjusted
11337,40571,ISA MAPPING NB #1,46,SF; JD; MC,MC,rota,isa,NA,d1-e2,E1,14229,aglaia,73,nff,d2,10.19,d1,7.91,29mar13: hsr changed quadrant name from D2-E1 to D1-E2,JBD,2011-02-02,NA,40666,e1,14229,300936.047188,1565043.11441,GPS_adjusted,300937.060339,1565032.93528,angle distance_adjusted
11338,40571,ISA MAPPING NB #1,46,SF; JD; MC,MC,rota,isa,NA,d1-e2,E1,14230,aglaia,178,nff,d2,7.47,d1,5.31,29mar13: hsr changed quadrant name from D2-E1 to D1-E2,JBD,2011-02-02,NA,40666,e1,14230,300936.047188,1565043.11441,GPS_adjusted,300937.060339,1565032.93528,angle distance_adjusted
11339,40571,ISA MAPPING NB #1,46,SF; JD; MC,MC,rota,isa,NA,d1-e2,E1,14231,premna,NA,dns,d2,10.76,d1,5.64,29mar13: hsr changed quadrant name from D2-E1 to D1-E2,JBD,2011-02-02,NA,40666,e1,14231,300936.047188,1565043.11441,GPS_adjusted,300937.060339,1565032.93528,angle distance_adjusted
11340,40571,ISA MAPPING NB #1,46,SF; JD; MC,MC,rota,isa,NA,d1-e2,E1,14232,aglaia,45,nff,d2,10.56,d1,4.72,29mar13: hsr changed quadrant name from D2-E1 to D1-E2,JBD,2011-02-02,NA,40666,e1,14232,300936.047188,1565043.11441,GPS_adjusted,300937.060339,1565032.93528,angle distance_adjusted
11341,40571,ISA MAPPING NB #2,2,SF; JD; MC,SF,rota,isa,NA,e1-ze2,E1,14233,tri,42,nff,e1,3.66,ze1,6.86,29mar13: hsr changed quadrant name from E2-ZE1 to E1-ZE2,JBD,2011-02-02,NA,40666,e1,14233,300953.0077,1565045.654,angle distance,300944.187988,1565045.13157,angle distance_adjusted
11342,40571,ISA MAPPING NB #2,2,SF; JD; MC,SF,rota,isa,NA,e1-ze2,E1,14234,aglaia,89,fl,e1,4.58,ze1,6.17,29mar13: hsr changed quadrant name from E2-ZE1 to E1-ZE2,JBD,2011-02-02,NA,40666,e1,14234,300953.0077,1565045.654,angle distance,300944.187988,1565045.13157,angle distance_adjusted
11343,40571,ISA MAPPING NB #2,2,SF; JD; MC,SF,rota,isa,NA,e1-ze2,E1,14235,aglaia,130,fl,e1,5.74,ze1,7.6,29mar13: hsr changed quadrant name from E2-ZE1 to E1-ZE2,JBD,2011-02-02,NA,40666,e1,14235,300953.0077,1565045.654,angle distance,300944.187988,1565045.13157,angle distance_adjusted
11344,40571,ISA MAPPING NB #2,2,SF; JD; MC,SF,rota,isa,NA,e1-ze2,E2,14236,mor,45,nff,ze1,10.97,ze2,5.79,29mar13: hsr changed quadrant name from E2-ZE1 to E1-ZE2,JBD,2011-02-02,NA,40666,e2,14236,300954.0598,1565037.585,angle distance,300953.0077,1565045.654,angle distance
11345,40571,ISA MAPPING NB #2,2,SF; JD; MC,SF,rota,isa,NA,e1-ze2,ZE2,14237,tri,NA,nff,ze1,7.56,ze2,1.39,29mar13: hsr changed quadrant name from E2-ZE1 to E1-ZE2,JBD,2011-02-02,NA,40666,ze2,14237,300954.0598,1565037.585,angle distance,300953.0077,1565045.654,angle distance
11346,40571,ISA MAPPING NB #2,2,SF; JD; MC,SF,rota,isa,NA,e1-ze2,ZE1,14238,guamia,NA,nff,ze1,4.01,ze2,4.91,29mar13: hsr changed quadrant name from E2-ZE1 to E1-ZE2,JBD,2011-02-02,NA,40666,ze1,14238,300954.0598,1565037.585,angle distance,300953.0077,1565045.654,angle distance
11347,40571,ISA MAPPING NB #2,2,SF; JD; MC,SF,rota,isa,NA,e1-ze2,ZE1,14239,premna,NA,nff,ze1,2.17,ze2,6.26,148 STEM MEASURED AT 120CM; 29mar13: hsr changed quadrant name from E2-ZE1 to E1-ZE2,JBD,2011-02-02,NA,40666,ze1,14239,300954.0598,1565037.585,angle distance,300953.0077,1565045.654,angle distance
11348,40571,ISA MAPPING NB #2,2,SF; JD; MC,SF,rota,isa,NA,e1-ze2,ZE1,14240,tri,18,fr,ze1,2.73,ze2,5.76,29mar13: hsr changed quadrant name from E2-ZE1 to E1-ZE2,JBD,2011-02-02,NA,40666,ze1,14240,300954.0598,1565037.585,angle distance,300953.0077,1565045.654,angle distance
11349,40571,ISA MAPPING NB #2,2,SF; JD; MC,SF,rota,isa,NA,e1-ze2,ZE1,14241,premna,231,dns,ze1,4.29,ze2,9.19,29mar13: hsr changed quadrant name from E2-ZE1 to E1-ZE2,JBD,2011-02-02,NA,40666,ze1,14241,300954.0598,1565037.585,angle distance,300953.0077,1565045.654,angle distance
11350,40571,ISA MAPPING NB #2,2,SF; JD; MC,JD,rota,isa,NA,e0-ze1,ZE1,14242,aglaia,109,nff,ze1,0,e1,10.08,29mar13: hsr changed quadrant name from E1-ZE0 to E0-ZE1,JBD,2011-02-02,NA,40666,ze1,14242,300944.187988,1565045.13157,angle distance_adjusted,300953.0077,1565045.654,angle distance
11351,40571,ISA MAPPING NB #2,4,SF; JD; MC,JD,rota,isa,NA,e0-ze1,E0,14243,aglaia,98,nff,ze1,9.5,e1,7.84,29mar13: hsr changed quadrant name from E1-ZE0 to E0-ZE1,JBD,2011-02-02,NA,40666,e0,14243,300944.187988,1565045.13157,angle distance_adjusted,300953.0077,1565045.654,angle distance
11352,40571,ISA MAPPING NB #2,4,SF; JD; MC,JD,rota,isa,NA,e0-ze1,E0,14244,aglaia,111,fl,ze1,6.82,e1,7.77,29mar13: hsr changed quadrant name from E1-ZE0 to E0-ZE1,JBD,2011-02-02,NA,40666,e0,14244,300944.187988,1565045.13157,angle distance_adjusted,300953.0077,1565045.654,angle distance
11353,40571,ISA MAPPING NB #2,6,SF; JD; MC,JD,rota,isa,NA,d0-e1,E0,14245,aglaia,NA,fl,e1,7.73,d1,12.04,29mar13: hsr changed quadrant name from D1-E0 to D0-E1,JBD,2011-02-02,NA,40666,e0,14245,300936.047188,1565043.11441,GPS_adjusted,300944.187988,1565045.13157,angle distance_adjusted
11354,40571,ISA MAPPING NB #2,6,SF; JD; MC,JD,rota,isa,NA,d0-e1,D0,14246,aglaia,51,nff,e1,8.89,d1,8.69,29mar13: hsr changed quadrant name from D1-E0 to D0-E1,JBD,2011-02-02,NA,40666,d0,14246,300936.047188,1565043.11441,GPS_adjusted,300944.187988,1565045.13157,angle distance_adjusted
11355,40571,ISA MAPPING NB #2,6,SF; JD; MC,JD,rota,isa,NA,d0-e1,D0,14247,premna,NA,nff,e1,9.59,d1,9.48,29mar13: hsr changed quadrant name from D1-E0 to D0-E1,JBD,2011-02-02,NA,40666,d0,14247,300936.047188,1565043.11441,GPS_adjusted,300944.187988,1565045.13157,angle distance_adjusted
11356,40571,ISA MAPPING NB #2,6,SF; JD; MC,JD,rota,isa,NA,d0-e1,D0,14248,aglaia,112,nff,d1,10.65,d0,1.14,29mar13: hsr changed quadrant name from D1-E0 to D0-E1,JBD,2011-02-02,NA,40666,d0,14248,300930.704596,1565054.27955,angle distance_adjusted,300936.047188,1565043.11441,GPS_adjusted
11357,40571,ISA MAPPING NB #2,6,SF; JD; MC,JD,rota,isa,NA,d0-e1,D0,14249,aglaia,60,nff,d1,6.92,d0,4.89,29mar13: hsr changed quadrant name from D1-E0 to D0-E1,JBD,2011-02-02,NA,40666,d0,14249,300930.704596,1565054.27955,angle distance_adjusted,300936.047188,1565043.11441,GPS_adjusted
11358,40571,ISA MAPPING NB #2,6,SF; JD; MC,JD,rota,isa,NA,d0-e1,D0,14250,guamia,NA,nff,d1,6.02,d1,5.73,29mar13: hsr changed quadrant name from D1-E0 to D0-E1,JBD,2011-02-02,NA,40666,d0,14250,300936.047188,1565043.11441,GPS_adjusted,300936.047188,1565043.11441,GPS_adjusted
11359,40571,ISA MAPPING NB #2,6,SF; JD; MC,JD,rota,isa,NA,d0-e1,D1,14251,aglaia,124,fl,e1,6.35,d1,5.12,29mar13: hsr changed quadrant name from D1-E0 to D0-E1,JBD,2011-02-02,NA,40666,d1,14251,300936.047188,1565043.11441,GPS_adjusted,300944.187988,1565045.13157,angle distance_adjusted
11360,40571,ISA MAPPING NB #2,6,SF; JD; MC,JD,rota,isa,NA,d0-e1,D1,14252,aglaia,145,nff,e1,6.04,d1,5.69,29mar13: hsr changed quadrant name from D1-E0 to D0-E1,JBD,2011-02-02,NA,40666,d1,14252,300936.047188,1565043.11441,GPS_adjusted,300944.187988,1565045.13157,angle distance_adjusted
11361,40571,ISA MAPPING NB #2,6,SF; JD; MC,JD,rota,isa,NA,d0-e1,D1,14253,?,155,dns,e1,7.05,d1,12.14,29mar13: hsr changed quadrant name from D1-E0 to D0-E1,JBD,2011-02-02,NA,40666,d1,14253,300936.047188,1565043.11441,GPS_adjusted,300944.187988,1565045.13157,angle distance_adjusted
11362,40571,ISA MAPPING NB #2,6,SF; JD; MC,JD,rota,isa,NA,d0-e1,D1,14254,guamia,NA,nff,e1,3.81,d1,4.54,29mar13: hsr changed quadrant name from D1-E0 to D0-E1,JBD,2011-02-02,NA,40666,d1,14254,300936.047188,1565043.11441,GPS_adjusted,300944.187988,1565045.13157,angle distance_adjusted
11363,40574,ISA MAPPING NB #2,8,SF; JD,JD,rota,isa,NA,c0-d1,D1,14255,premna,262,nff,d0,9.37,d1,3.22,29mar13: hsr changed quadrant name from C1-D0 to C0-D1,JBD,2011-02-02,NA,40666,d1,14255,300936.047188,1565043.11441,GPS_adjusted,300930.704596,1565054.27955,angle distance_adjusted
11364,40574,ISA MAPPING NB #2,8,SF; JD,JD,rota,isa,NA,c0-d1,D1,14256,guamia,NA,nff,d0,9.5,d1,4.01,29mar13: hsr changed quadrant name from C1-D0 to C0-D1,JBD,2011-02-02,NA,40666,d1,14256,300936.047188,1565043.11441,GPS_adjusted,300930.704596,1565054.27955,angle distance_adjusted
11365,40574,ISA MAPPING NB #2,8,SF; JD,JD,rota,isa,NA,c0-d1,D1,14257,guamia,52,nff,d0,8.9,d1,5.18,29mar13: hsr changed quadrant name from C1-D0 to C0-D1,JBD,2011-02-02,NA,40666,d1,14257,300936.047188,1565043.11441,GPS_adjusted,300930.704596,1565054.27955,angle distance_adjusted
11366,40574,ISA MAPPING NB #2,8,SF; JD,JD,rota,isa,NA,c0-d1,D1,14258,tri,NA,nff,d0,7.52,d1,5.03,29mar13: hsr changed quadrant name from C1-D0 to C0-D1,JBD,2011-02-02,NA,40666,d1,14258,300936.047188,1565043.11441,GPS_adjusted,300930.704596,1565054.27955,angle distance_adjusted
11367,40574,ISA MAPPING NB #2,8,SF; JD,JD,rota,isa,NA,c0-d1,D1,14259,tri,19,nff,d0,7.96,d1,4.18,29mar13: hsr changed quadrant name from C1-D0 to C0-D1,JBD,2011-02-02,NA,40666,d1,14259,300936.047188,1565043.11441,GPS_adjusted,300930.704596,1565054.27955,angle distance_adjusted
11368,40574,ISA MAPPING NB #2,8,SF; JD,JD,rota,isa,NA,c0-d1,D1,14260,tri,16,nff,d0,7.5,d1,4.76,29mar13: hsr changed quadrant name from C1-D0 to C0-D1,JBD,2011-02-02,NA,40666,d1,14260,300936.047188,1565043.11441,GPS_adjusted,300930.704596,1565054.27955,angle distance_adjusted
11369,40574,ISA MAPPING NB #2,8,SF; JD,JD,rota,isa,NA,c0-d1,D1,14261,tri,20,nff,d0,6.73,d1,5,29mar13: hsr changed quadrant name from C1-D0 to C0-D1,JBD,2011-02-02,NA,40666,d1,14261,300936.047188,1565043.11441,GPS_adjusted,300930.704596,1565054.27955,angle distance_adjusted
11370,40574,ISA MAPPING NB #2,8,SF; JD,JD,rota,isa,NA,c0-d1,D1,14262,tri,25,nff,d0,6.22,d1,5.86,29mar13: hsr changed quadrant name from C1-D0 to C0-D1,JBD,2011-02-02,NA,40666,d1,14262,300936.047188,1565043.11441,GPS_adjusted,300930.704596,1565054.27955,angle distance_adjusted
11371,40574,ISA MAPPING NB #2,8,SF; JD,JD,rota,isa,NA,c0-d1,D0,14263,tri,16,nff,d0,5.54,d1,6.9,29mar13: hsr changed quadrant name from C1-D0 to C0-D1,JBD,2011-02-02,NA,40666,d0,14263,300936.047188,1565043.11441,GPS_adjusted,300930.704596,1565054.27955,angle distance_adjusted
11372,40574,ISA MAPPING NB #2,8,SF; JD,JD,rota,isa,NA,c0-d1,D0,14264,aglaia,75,nff,d0,3.2,d1,8.83,29mar13: hsr changed quadrant name from C1-D0 to C0-D1,JBD,2011-02-02,NA,40666,d0,14264,300936.047188,1565043.11441,GPS_adjusted,300930.704596,1565054.27955,angle distance_adjusted
11373,40574,ISA MAPPING NB #2,8,SF; JD,JD,rota,isa,NA,c0-d1,D0,14265,tri,22,nff,d0,4.44,d1,7.97,29mar13: hsr changed quadrant name from C1-D0 to C0-D1,JBD,2011-02-02,NA,40666,d0,14265,300936.047188,1565043.11441,GPS_adjusted,300930.704596,1565054.27955,angle distance_adjusted
11374,40574,ISA MAPPING NB #2,8,SF; JD,JD,rota,isa,NA,c0-d1,D0,14266,guamia,68,nff,d0,2.33,d1,10.13,29mar13: hsr changed quadrant name from C1-D0 to C0-D1,JBD,2011-02-02,NA,40666,d0,14266,300936.047188,1565043.11441,GPS_adjusted,300930.704596,1565054.27955,angle distance_adjusted
11375,40574,ISA MAPPING NB #2,10,SF; JD,JD,rota,isa,NA,b0-c1,C1,14267,guamia,43,nff,c1,2.51,b1,6.96,29mar13: hsr changed quadrant name from B1-C0 to B0-C1,JBD,2011-02-02,NA,40666,c1,14267,300916.343,1565040.469,angle distance,300926.070227,1565042.36601,angle distance_adjusetd
11376,40574,ISA MAPPING NB #2,10,SF; JD,JD,rota,isa,NA,b0-c1,C1,14268,guamia,NA,nff,c1,2.95,b1,6.43,29mar13: hsr changed quadrant name from B1-C0 to B0-C1,JBD,2011-02-02,NA,40666,c1,14268,300916.343,1565040.469,angle distance,300926.070227,1565042.36601,angle distance_adjusetd
11377,40574,ISA MAPPING NB #2,10,SF; JD,JD,rota,isa,NA,b0-c1,C1,14269,premna,102,nff,c1,2.97,b1,6.24,29mar13: hsr changed quadrant name from B1-C0 to B0-C1,JBD,2011-02-02,NA,40666,c1,14269,300916.343,1565040.469,angle distance,300926.070227,1565042.36601,angle distance_adjusetd
11378,40574,ISA MAPPING NB #2,10,SF; JD,JD,rota,isa,NA,b0-c1,C1,14270,aglaia,50,nff,c1,3.87,b1,5.63,29mar13: hsr changed quadrant name from B1-C0 to B0-C1,JBD,2011-02-02,NA,40666,c1,14270,300916.343,1565040.469,angle distance,300926.070227,1565042.36601,angle distance_adjusetd
11379,40574,ISA MAPPING NB #2,10,SF; JD,JD,rota,isa,NA,b0-c1,C1,14271,aglaia,120,nff,b1,5.59,b0,8.17,29mar13: hsr changed quadrant name from B1-C0 to B0-C1,JBD,2011-02-02,NA,40666,c1,14271,300911.9849,1565050.29475,extrapolated.in.R,300916.343,1565040.469,angle distance
11380,40574,ISA MAPPING NB #2,10,SF; JD,JD,rota,isa,NA,b0-c1,C0,14272,aglaia,123,nff,b1,7.35,c1,6.11,29mar13: hsr changed quadrant name from B1-C0 to B0-C1,JBD,2011-02-02,NA,40666,c0,14272,300926.070227,1565042.36601,angle distance_adjusetd,300916.343,1565040.469,angle distance
11381,40574,ISA MAPPING NB #2,10,SF; JD,JD,rota,isa,NA,b0-c1,C0,14273,aglaia,121,nff,b1,8.77,b0,7.35,29mar13: hsr changed quadrant name from B1-C0 to B0-C1,JBD,2011-02-02,NA,40666,c0,14273,300911.9849,1565050.29475,extrapolated.in.R,300916.343,1565040.469,angle distance
11382,40574,ISA MAPPING NB #2,10,SF; JD,JD,rota,isa,NA,b0-c1,C0,14274,aglaia,92,nff,b1,9.13,b0,7.79,29mar13: hsr changed quadrant name from B1-C0 to B0-C1,JBD,2011-02-02,NA,40666,c0,14274,300911.9849,1565050.29475,extrapolated.in.R,300916.343,1565040.469,angle distance
11383,40574,ISA MAPPING NB #2,10,SF; JD,JD,rota,isa,NA,b0-c1,C0,14275,aglaia,98,nff,b1,11.35,b0,8,29mar13: hsr changed quadrant name from B1-C0 to B0-C1,JBD,2011-02-02,NA,40666,c0,14275,300911.9849,1565050.29475,extrapolated.in.R,300916.343,1565040.469,angle distance
11384,40574,ISA MAPPING NB #2,10,SF; JD,JD,rota,isa,NA,b0-c1,C0,14276,tri,11,nff,b1,11.72,b0,8.45,29mar13: hsr changed quadrant name from B1-C0 to B0-C1,JBD,2011-02-02,NA,40666,c0,14276,300911.9849,1565050.29475,extrapolated.in.R,300916.343,1565040.469,angle distance
11385,40574,ISA MAPPING NB #2,10,SF; JD,JD,rota,isa,NA,b0-c1,C0,14277,psych,105,nff,b1,12.4,b0,8.85,29mar13: hsr changed quadrant name from B1-C0 to B0-C1,JBD,2011-02-02,NA,40666,c0,14277,300911.9849,1565050.29475,extrapolated.in.R,300916.343,1565040.469,angle distance
11386,40574,ISA MAPPING NB #2,10,SF; JD,JD,rota,isa,NA,b0-c1,C0,14278,psych,158,nff,b1,12.28,b0,8.49,29mar13: hsr changed quadrant name from B1-C0 to B0-C1,JBD,2011-02-02,NA,40666,c0,14278,300911.9849,1565050.29475,extrapolated.in.R,300916.343,1565040.469,angle distance
11387,40574,ISA MAPPING NB #2,10,SF; JD,JD,rota,isa,NA,b0-c1,B1,14279,eug,11,nff,b1,1.55,b0,8.33,29mar13: hsr changed quadrant name from B1-C0 to B0-C1,JBD,2011-02-02,NA,40666,b1,14279,300911.9849,1565050.29475,extrapolated.in.R,300916.343,1565040.469,angle distance
11388,40574,ISA MAPPING NB #2,10,SF; JD,JD,rota,isa,NA,b0-c1,B1,14280,aglaia,101,nff,b1,1.37,b0,8.5,29mar13: hsr changed quadrant name from B1-C0 to B0-C1,JBD,2011-02-02,NA,40666,b1,14280,300911.9849,1565050.29475,extrapolated.in.R,300916.343,1565040.469,angle distance
11389,40574,ISA MAPPING NB #2,10,SF; JD,JD,rota,isa,NA,b0-c1,B1,14281,premna,118,nff,b1,0.87,b0,9.36,29mar13: hsr changed quadrant name from B1-C0 to B0-C1,JBD,2011-02-02,NA,40666,b1,14281,300911.9849,1565050.29475,extrapolated.in.R,300916.343,1565040.469,angle distance
11390,40574,ISA MAPPING NB #2,10,SF; JD,JD,rota,isa,NA,b0-c1,B1,14282,aglaia,42,nff,b1,0.5,b0,9.94,29mar13: hsr changed quadrant name from B1-C0 to B0-C1,JBD,2011-02-02,NA,40666,b1,14282,300911.9849,1565050.29475,extrapolated.in.R,300916.343,1565040.469,angle distance
11391,40574,ISA MAPPING NB #2,12,SF; JD,SF,rota,isa,NA,a0-b1,B1,14283,mor,53,fr,b0,9.8,b1,1.79,NA,JBD,2011-02-02,NA,40666,b1,14283,300916.343,1565040.469,angle distance,300911.9849,1565050.29475,extrapolated.in.R
11392,40574,ISA MAPPING NB #2,12,SF; JD,SF,rota,isa,NA,a0-b1,B1,14284,aglaia,71,nff,b0,5.75,b1,5.48,NA,JBD,2011-02-02,NA,40666,b1,14284,300916.343,1565040.469,angle distance,300911.9849,1565050.29475,extrapolated.in.R
11393,40574,ISA MAPPING NB #2,12,SF; JD,SF,rota,isa,NA,a0-b1,B0,14285,premna,NA,nff,b0,3.39,b1,6.52,SPECIES ID UNCLEAR,JBD,2011-02-02,NA,40666,b0,14285,300916.343,1565040.469,angle distance,300911.9849,1565050.29475,extrapolated.in.R
11394,40574,ISA MAPPING NB #2,12,SF; JD,SF,rota,isa,NA,a0-b1,A0,14286,aglaia,87,fl,a0,4.15,b0,5.16,NA,JBD,2011-02-02,NA,40666,a0,14286,300911.9849,1565050.29475,extrapolated.in.R,300900.8091,1565049.016,angle distance
11395,40574,ISA MAPPING NB #2,12,SF; JD,SF,rota,isa,NA,a0-b1,A0,14287,aglaia,83,fl,a0,3.98,b0,5.22,NA,JBD,2011-02-02,NA,40666,a0,14287,300911.9849,1565050.29475,extrapolated.in.R,300900.8091,1565049.016,angle distance
11396,40574,ISA MAPPING NB #2,12,SF; JD,SF,rota,isa,NA,a0-b1,A0,14288,aglaia,89,dns,a0,3.08,b0,6.26,NA,JBD,2011-02-02,NA,40666,a0,14288,300911.9849,1565050.29475,extrapolated.in.R,300900.8091,1565049.016,angle distance
11397,40574,ISA MAPPING NB #2,12,SF; JD,SF,rota,isa,NA,a0-b1,A0,14289,premna,290,nff,a0,3.89,b0,7.23,NA,JBD,2011-02-02,NA,40666,a0,14289,300911.9849,1565050.29475,extrapolated.in.R,300900.8091,1565049.016,angle distance
11398,40574,ISA MAPPING NB #2,12,SF; JD,SF,rota,isa,NA,a0-b1,A0,14290,aglaia,88,nff,a0,6.36,b0,6.04,NA,JBD,2011-02-02,NA,40666,a0,14290,300911.9849,1565050.29475,extrapolated.in.R,300900.8091,1565049.016,angle distance
11399,40574,ISA MAPPING NB #2,12,SF; JD,SF,rota,isa,NA,a0-b1,A1,14291,aglaia,79,nff,a0,2.64,a0,8.33,NA,JBD,2011-02-02,NA,40666,a1,14291,300900.8091,1565049.016,angle distance,300900.8091,1565049.016,angle distance
11400,40574,ISA MAPPING NB #2,12,SF; JD,SF,rota,isa,NA,a0-b1,A1,14292,aglaia,32,nff,a0,4.06,a0,9.68,NA,JBD,2011-02-02,NA,40666,a1,14292,300900.8091,1565049.016,angle distance,300900.8091,1565049.016,angle distance
11401,40574,ISA MAPPING NB #2,14,SF; JD,JD,rota,isa,NA,a0-za1,ZA0,14293,aglaia,118,nff,z0a,4.99,a0,6.84,NA,JBD,2011-02-02,NA,40666,za0,14293,300900.8091,1565049.016,angle distance,300890.548459,1565046.58884,GPS_adjusted
11402,40574,ISA MAPPING NB #2,14,SF; JD,JD,rota,isa,NA,a0-za1,ZA0,14294,aglaia,54,nff,z0a,4.07,a0,7.29,NA,JBD,2011-02-02,NA,40666,za0,14294,300900.8091,1565049.016,angle distance,300890.548459,1565046.58884,GPS_adjusted
11403,40574,ISA MAPPING NB #2,14,SF; JD,JD,rota,isa,NA,a0-za1,ZA0,14295,aglaia,123,fl,z0a,3.54,a0,7.95,NA,JBD,2011-02-02,NA,40666,za0,14295,300900.8091,1565049.016,angle distance,300890.548459,1565046.58884,GPS_adjusted
11404,40574,ISA MAPPING NB #2,14,SF; JD,JD,rota,isa,NA,a0-za1,ZA0,14296,psych,95,nff,z0a,2.78,a0,8.71,NA,JBD,2011-02-02,NA,40666,za0,14296,300900.8091,1565049.016,angle distance,300890.548459,1565046.58884,GPS_adjusted
11405,40574,ISA MAPPING NB #2,14,SF; JD,JD,rota,isa,NA,a0-za1,ZA0,14297,tri,10,nff,z0a,3.59,a0,8.74,NA,JBD,2011-02-02,NA,40666,za0,14297,300900.8091,1565049.016,angle distance,300890.548459,1565046.58884,GPS_adjusted
11406,40574,ISA MAPPING NB #2,14,SF; JD,JD,rota,isa,NA,a0-za1,ZA0,14298,aglaia,104,nff,z0a,4.21,a0,9,NA,JBD,2011-02-02,NA,40666,za0,14298,300900.8091,1565049.016,angle distance,300890.548459,1565046.58884,GPS_adjusted
11407,40574,ISA MAPPING NB #2,14,SF; JD,JD,rota,isa,NA,a0-za1,Z0A,14299,aglaia,48,nff,z0a,6.84,a0,5.4,NA,JBD,2011-02-02,NA,40666,z0a,14299,300900.8091,1565049.016,angle distance,300890.548459,1565046.58884,GPS_adjusted
11408,40574,ISA MAPPING NB #2,14,SF; JD,JD,rota,isa,NA,a0-za1,Z0A,14300,aglaia,NA,nff,z0a,6.8,a0,5.38,NA,JBD,2011-02-02,NA,40666,z0a,14300,300900.8091,1565049.016,angle distance,300890.548459,1565046.58884,GPS_adjusted
11409,40575,ISA MAPPING NB #2,16,SF; JD,SF,rota,isa,NA,a0-z*a0,Z0A,14301,premna,310,fr,z0a,2.24,z*a0,7.41,NA,JBD,2011-02-02,NA,40666,z0a,14301,300889.2633,1565056.104,GPS,300890.548459,1565046.58884,GPS_adjusted
11410,40575,ISA MAPPING NB #2,16,SF; JD,SF,rota,isa,NA,a0-z*a0,Z0A,14302,aglaia,45,fl,z0a,3.65,z*a0,6.33,NA,JBD,2011-02-02,NA,40666,z0a,14302,300889.2633,1565056.104,GPS,300890.548459,1565046.58884,GPS_adjusted
11411,40575,ISA MAPPING NB #2,16,SF; JD,SF,rota,isa,NA,a0-z*a0,Z0A,14303,psych,78,nff,a0,7.75,z0a,4.51,NA,JBD,2011-02-02,NA,40666,z0a,14303,300890.548459,1565046.58884,GPS_adjusted,300900.8091,1565049.016,angle distance
11412,40575,ISA MAPPING NB #2,16,SF; JD,SF,rota,isa,NA,a0-z*a0,Z0A,14304,aglaia,103,nff,a0,7.21,z0a,4.43,NA,JBD,2011-02-02,NA,40666,z0a,14304,300890.548459,1565046.58884,GPS_adjusted,300900.8091,1565049.016,angle distance
11413,40575,ISA MAPPING NB #2,16,SF; JD,SF,rota,isa,NA,a0-z*a0,Z0A,14305,aglaia,60,nff,a0,7.1,z0a,6.09,NA,JBD,2011-02-02,NA,40666,z0a,14305,300890.548459,1565046.58884,GPS_adjusted,300900.8091,1565049.016,angle distance
11414,40575,ISA MAPPING NB #2,16,SF; JD,SF,rota,isa,NA,a0-z*a0,Z*A0,14306,guamia,NA,nff,z*a0,5.16,z0a,6.01,NA,JBD,2011-02-02,NA,40666,z*a0,14306,300890.548459,1565046.58884,GPS_adjusted,300889.2633,1565056.104,GPS
11415,40575,ISA MAPPING NB #2,16,SF; JD,SF,rota,isa,NA,a0-z*a0,Z*A0,14307,aglaia,50,nff,z0a,5.66,z*a0,4.29,NA,JBD,2011-02-02,NA,40666,z*a0,14307,300889.2633,1565056.104,GPS,300890.548459,1565046.58884,GPS_adjusted
11416,40575,ISA MAPPING NB #2,16,SF; JD,SF,rota,isa,NA,a0-z*a0,Z*A0,14308,premna,215,fr,z0a,8.2,z*a0,4.69,NA,JBD,2011-02-02,NA,40666,z*a0,14308,300889.2633,1565056.104,GPS,300890.548459,1565046.58884,GPS_adjusted
11417,40575,ISA MAPPING NB #2,16,SF; JD,SF,rota,isa,NA,a0-z*a0,Z*A0,14309,tri,10,nff,z0a,7.1,z*a0,5.35,NA,JBD,2011-02-02,NA,40666,z*a0,14309,300889.2633,1565056.104,GPS,300890.548459,1565046.58884,GPS_adjusted
11418,40575,ISA MAPPING NB #2,16,SF; JD,SF,rota,isa,NA,a0-z*a0,Z*A0,14310,tri,10,nff,z0a,7.56,z*a0,5.33,NA,JBD,2011-02-02,NA,40666,z*a0,14310,300889.2633,1565056.104,GPS,300890.548459,1565046.58884,GPS_adjusted
11419,40575,ISA MAPPING NB #2,16,SF; JD,SF,rota,isa,NA,a0-z*a0,A0,14311,aglaia,55,nff,a0,4.06,z0a,9.97,NA,JBD,2011-02-02,NA,40666,a0,14311,300890.548459,1565046.58884,GPS_adjusted,300900.8091,1565049.016,angle distance
11420,40575,ISA MAPPING NB #2,16,SF; JD,SF,rota,isa,NA,a0-z*a0,A0,14312,aglaia,110,nff,a0,4.35,z0a,10.1,NA,JBD,2011-02-02,NA,40666,a0,14312,300890.548459,1565046.58884,GPS_adjusted,300900.8091,1565049.016,angle distance
11421,40575,ISA MAPPING NB #2,16,SF; JD,SF,rota,isa,NA,a0-z*a0,A0,14313,aglaia,99,nff,a0,3.94,z0a,10.47,NA,JBD,2011-02-02,NA,40666,a0,14313,300890.548459,1565046.58884,GPS_adjusted,300900.8091,1565049.016,angle distance
11422,40575,ISA MAPPING NB #2,16,SF; JD,SF,rota,isa,NA,a0-z*a0,A0,14314,aglaia,45,nff,a0,5.78,z0a,6.59,NA,JBD,2011-02-02,NA,40666,a0,14314,300890.548459,1565046.58884,GPS_adjusted,300900.8091,1565049.016,angle distance
11423,40575,ISA MAPPING NB #2,18,SF; JD,JD,rota,isa,NA,a0-z0b,A0,14315,aglaia,NA,fl,b0,10.59,a0,2.42,NA,JBD,2011-02-02,NA,40666,a0,14315,300900.8091,1565049.016,angle distance,300911.9849,1565050.29475,extrapolated.in.R
11424,40575,ISA MAPPING NB #2,18,SF; JD,JD,rota,isa,NA,a0-z0b,A0,14316,psych,66,nff,b0,8.68,a0,2.92,NA,JBD,2011-02-02,NA,40666,a0,14316,300900.8091,1565049.016,angle distance,300911.9849,1565050.29475,extrapolated.in.R
11425,40575,ISA MAPPING NB #2,18,SF; JD,JD,rota,isa,NA,a0-z0b,A0,14317,aglaia,102,nff,b0,8.4,a0,1.91,NA,JBD,2011-02-02,NA,40666,a0,14317,300900.8091,1565049.016,angle distance,300911.9849,1565050.29475,extrapolated.in.R
11426,40575,ISA MAPPING NB #2,18,SF; JD,JD,rota,isa,NA,a0-z0b,A0,14318,aglaia,41,nff,b0,8.02,a0,2.09,NA,JBD,2011-02-02,NA,40666,a0,14318,300900.8091,1565049.016,angle distance,300911.9849,1565050.29475,extrapolated.in.R
11427,40575,ISA MAPPING NB #2,18,SF; JD,JD,rota,isa,NA,a0-z0b,ZA0,14319,aglaia,41,nff,a0,7.27,za0,3.23,NA,JBD,2011-02-02,NA,40666,za0,14319,300901.321,1565058.227,GPS,300900.8091,1565049.016,angle distance
11428,40575,ISA MAPPING NB #2,18,SF; JD,JD,rota,isa,NA,a0-z0b,ZA0,14320,aglaia,48,nff,za0,5.07,z0b,5.44,NA,JBD,2011-02-02,NA,40666,za0,14320,300911.2697,1565058.485,GPS,300901.321,1565058.227,GPS
11429,40575,ISA MAPPING NB #2,18,SF; JD,JD,rota,isa,NA,a0-z0b,ZB0,14321,premna,NA,dns,za0,6.17,z0b,3.13,NA,JBD,2011-02-02,NA,40666,zb0,14321,300911.2697,1565058.485,GPS,300901.321,1565058.227,GPS
11430,40575,ISA MAPPING NB #2,20,SF; JD,SF,rota,isa,NA,b0-z0c,B0,14322,aglaia,221,fl,c0,9.74,b0,1.97,NA,JBD,2011-02-02,NA,40666,b0,14322,300911.9849,1565050.29475,extrapolated.in.R,300919.5178,1565053.209,GPS
11431,40575,ISA MAPPING NB #2,22,SF; JD,SF,rota,isa,NA,c0-z0d,C0,14323,psych,184,nff,d0?,9.82,c0,3.07,NA,JBD,2011-02-02,NA,40666,c0,14323,300919.5178,1565053.209,GPS,NA,NA,NA
11432,40575,ISA MAPPING NB #2,22,SF; JD,SF,rota,isa,NA,c0-z0d,ZC0,14324,tri,21,nff,c0,9.29,z0c,2.14,NA,JBD,2011-02-02,NA,40666,zc0,14324,300919.5108,1565060.976,GPS,300919.5178,1565053.209,GPS
11433,40575,ISA MAPPING NB #2,22,SF; JD,SF,rota,isa,NA,c0-z0d,ZD0,14325,tri,NA,fr,c0,9.95,z0c,5.33,NA,JBD,2011-02-02,NA,40666,zd0,14325,300919.5108,1565060.976,GPS,300919.5178,1565053.209,GPS
11434,40575,ISA MAPPING NB #2,22,SF; JD,SF,rota,isa,NA,c0-z0d,ZD0,14326,guamia,NA,nff,c0,9.75,z0c,5.93,NA,JBD,2011-02-02,NA,40666,zd0,14326,300919.5108,1565060.976,GPS,300919.5178,1565053.209,GPS
11435,40575,ISA MAPPING NB #2,22,SF; JD,SF,rota,isa,NA,c0-z0d,ZD0,14327,aglaia,125,nff,z0d,5.05,d0,5.27,NA,JBD,2011-02-02,NA,40666,zd0,14327,300930.704596,1565054.27955,angle distance_adjusted,300927.9194,1565062.872,GPS
11436,40575,ISA MAPPING NB #2,18,SF; JD,SF,rota,isa,NA,a1-b2,A1,14328,aglaia,57,nff,a2,8.98,a1,1.64,29mar13: hsr changed name from A2-B1 to A1-B2,JBD,2011-02-02,NA,40666,a1,14328,300904.634969,1565038.63108,GPS_adjusted,300907.4329,1565028.08,GPS
11437,40575,ISA MAPPING NB #2,22,SF; JD,SF,rota,isa,NA,c0-z0d,ZD0,14329,guamia,NA,nff,z0c,5.56,z0d,2.03,NA,JBD,2011-02-02,NA,40666,zd0,14329,300927.9194,1565062.872,GPS,300919.5108,1565060.976,GPS
11438,40575,ISA MAPPING NB #2,24,SF; JD,JD,rota,isa,NA,d0-z0e,D0,14330,aglaia,132,nff,e0,7.41,d0,2.52,29mar13: hsr changed quadrant name from E0-ZD0 to D0-Z0E,JBD,2011-02-02,NA,40666,d0,14330,300930.704596,1565054.27955,angle distance_adjusted,300940.0561,1565055.367,angle distance
11439,40575,ISA MAPPING NB #2,22,SF; JD,SF,rota,isa,NA,c0-z0d,ZD0,14331,premna,117,dns,z0d,5.73,d0,5.21,NA,JBD,2011-02-02,NA,40666,zd0,14331,300930.704596,1565054.27955,angle distance_adjusted,300927.9194,1565062.872,GPS
11440,40575,ISA MAPPING NB #2,24,SF; JD,JD,rota,isa,NA,d0-z0e,D0,14332,mor,NA,nff,e0,6.14,d0,3.76,29mar13: hsr changed quadrant name from E0-ZD0 to D0-Z0E,JBD,2011-02-02,NA,40666,d0,14332,300930.704596,1565054.27955,angle distance_adjusted,300940.0561,1565055.367,angle distance
11441,40575,ISA MAPPING NB #2,24,SF; JD,JD,rota,isa,NA,d0-z0e,D0,14333,aglaia,60,nff,e0,6.63,d0,5.01,29mar13: hsr changed quadrant name from E0-ZD0 to D0-Z0E,JBD,2011-02-02,NA,40666,d0,14333,300930.704596,1565054.27955,angle distance_adjusted,300940.0561,1565055.367,angle distance
11442,40575,ISA MAPPING NB #2,24,SF; JD,JD,rota,isa,NA,d0-z0e,D0,14334,guamia,75,nff,e0,9.27,d0,4.47,29mar13: hsr changed quadrant name from E0-ZD0 to D0-Z0E,JBD,2011-02-02,NA,40666,d0,14334,300930.704596,1565054.27955,angle distance_adjusted,300940.0561,1565055.367,angle distance
11443,40575,ISA MAPPING NB #2,24,SF; JD,JD,rota,isa,NA,d0-z0e,D0,14335,aglaia,69,nff,e0,9,d0,4.92,29mar13: hsr changed quadrant name from E0-ZD0 to D0-Z0E,JBD,2011-02-02,NA,40666,d0,14335,300930.704596,1565054.27955,angle distance_adjusted,300940.0561,1565055.367,angle distance
11444,40575,ISA MAPPING NB #2,24,SF; JD,JD,rota,isa,NA,d0-z0e,D0,14336,aglaia,72,nff,e0,9.01,d0,5.76,29mar13: hsr changed quadrant name from E0-ZD0 to D0-Z0E,JBD,2011-02-02,NA,40666,d0,14336,300930.704596,1565054.27955,angle distance_adjusted,300940.0561,1565055.367,angle distance
11445,40575,ISA MAPPING NB #2,24,SF; JD,JD,rota,isa,NA,d0-z0e,ZD0,14337,psych,NA,nff,e0,10.1,d0,7.59,29mar13: hsr changed quadrant name from E0-ZD0 to D0-Z0E,JBD,2011-02-02,NA,40666,zd0,14337,300930.704596,1565054.27955,angle distance_adjusted,300940.0561,1565055.367,angle distance
11446,40575,ISA MAPPING NB #2,24,SF; JD,JD,rota,isa,NA,d0-z0e,ZD0,14338,guamia,43,nff,d0,9.49,z0d,9,29mar13: hsr changed quadrant name from E0-ZD0 to D0-Z0E,JBD,2011-02-02,NA,40666,zd0,14338,300927.9194,1565062.872,GPS,300930.704596,1565054.27955,angle distance_adjusted
11447,40575,ISA MAPPING NB #2,24,SF; JD,JD,rota,isa,NA,d0-z0e,ZD0,14339,guamia,NA,nff,d0,9.76,z0d,1.74,29mar13: hsr changed quadrant name from E0-ZD0 to D0-Z0E,JBD,2011-02-02,NA,40666,zd0,14339,300927.9194,1565062.872,GPS,300930.704596,1565054.27955,angle distance_adjusted
11448,40575,ISA MAPPING NB #2,24,SF; JD,JD,rota,isa,NA,d0-z0e,ZD0,14340,premna,214,nff,d0,9.85,z0d,2.25,29mar13: hsr changed quadrant name from E0-ZD0 to D0-Z0E,JBD,2011-02-02,NA,40666,zd0,14340,300927.9194,1565062.872,GPS,300930.704596,1565054.27955,angle distance_adjusted
11449,40575,ISA MAPPING NB #2,24,SF; JD,JD,rota,isa,NA,d0-z0e,ZD0,14341,guamia,NA,nff,d0,9.76,z0d,2.78,29mar13: hsr changed quadrant name from E0-ZD0 to D0-Z0E,JBD,2011-02-02,NA,40666,zd0,14341,300927.9194,1565062.872,GPS,300930.704596,1565054.27955,angle distance_adjusted
11450,40575,ISA MAPPING NB #2,24,SF; JD,JD,rota,isa,NA,d0-z0e,E0,14342,aglaia,95,nff,e0,8.33,d0,8.7,29mar13: hsr changed quadrant name from E0-ZD0 to D0-Z0E,JBD,2011-02-02,NA,40666,e0,14342,300930.704596,1565054.27955,angle distance_adjusted,300940.0561,1565055.367,angle distance
11451,40575,ISA MAPPING NB #2,24,SF; JD,JD,rota,isa,NA,d0-z0e,E0,14343,aglaia,97,nff,e0,6.72,d0,7.38,29mar13: hsr changed quadrant name from E0-ZD0 to D0-Z0E,JBD,2011-02-02,NA,40666,e0,14343,300930.704596,1565054.27955,angle distance_adjusted,300940.0561,1565055.367,angle distance
11452,40575,ISA MAPPING NB #2,24,SF; JD,JD,rota,isa,NA,d0-z0e,E0,14344,aglaia,53,nff,e0,4.44,d0,7.95,29mar13: hsr changed quadrant name from E0-ZD0 to D0-Z0E,JBD,2011-02-02,NA,40666,e0,14344,300930.704596,1565054.27955,angle distance_adjusted,300940.0561,1565055.367,angle distance
11453,40575,ISA MAPPING NB #2,24,SF; JD,JD,rota,isa,NA,d0-z0e,E0,14345,aglaia,47,nff,e0,4.02,d0,6.74,29mar13: hsr changed quadrant name from E0-ZD0 to D0-Z0E,JBD,2011-02-02,NA,40666,e0,14345,300930.704596,1565054.27955,angle distance_adjusted,300940.0561,1565055.367,angle distance
11454,40575,ISA MAPPING NB #2,24,SF; JD,JD,rota,isa,NA,d0-z0e,E0,14346,aglaia,76,nff,e0,2.8,d0,7.15,29mar13: hsr changed quadrant name from E0-ZD0 to D0-Z0E,JBD,2011-02-02,NA,40666,e0,14346,300930.704596,1565054.27955,angle distance_adjusted,300940.0561,1565055.367,angle distance
11455,40575,ISA MAPPING NB #2,24,SF; JD,JD,rota,isa,NA,d0-z0e,E0,14347,aglaia,76,nff,e0,2.94,d0,7.38,29mar13: hsr changed quadrant name from E0-ZD0 to D0-Z0E,JBD,2011-02-02,NA,40666,e0,14347,300930.704596,1565054.27955,angle distance_adjusted,300940.0561,1565055.367,angle distance
11456,40575,ISA MAPPING NB #2,24,SF; JD,JD,rota,isa,NA,d0-z0e,E0,14348,tri,NA,nff,e0,3.19,d0,6.23,29mar13: hsr changed quadrant name from E0-ZD0 to D0-Z0E,JBD,2011-02-02,NA,40666,e0,14348,300930.704596,1565054.27955,angle distance_adjusted,300940.0561,1565055.367,angle distance
11457,40575,ISA MAPPING NB #2,26,SF; JD,JD,rota,isa,NA,e0-z*e0,E0,14349,tri,65,fr,ze0,8.67,e0,1.26,NA,JBD,2011-02-02,NA,40666,e0,14349,300940.0561,1565055.367,angle distance,300938.3561,1565065.008,GPS
11458,40575,ISA MAPPING NB #2,26,SF; JD,JD,rota,isa,NA,e0-z*e0,E0,14350,aglaia,65,nff,ze0,8.34,e0,2.42,NA,JBD,2011-02-02,NA,40666,e0,14350,300940.0561,1565055.367,angle distance,300938.3561,1565065.008,GPS
11459,40575,ISA MAPPING NB #2,26,SF; JD,JD,rota,isa,NA,e0-z*e0,E0,14351,tri,70,nff,ze0,8.88,e0,1.67,NA,JBD,2011-02-02,NA,40666,e0,14351,300940.0561,1565055.367,angle distance,300938.3561,1565065.008,GPS
11460,40575,ISA MAPPING NB #2,26,SF; JD,JD,rota,isa,NA,e0-z*e0,E0,14352,aglaia,40,nff,ze0,8.67,e0,2,NA,JBD,2011-02-02,NA,40666,e0,14352,300940.0561,1565055.367,angle distance,300938.3561,1565065.008,GPS
11461,40575,ISA MAPPING NB #2,26,SF; JD,JD,rota,isa,NA,e0-z*e0,E0,14353,premna,483,dns,ze0,7.93,e0,3.9,NA,JBD,2011-02-02,NA,40666,e0,14353,300940.0561,1565055.367,angle distance,300938.3561,1565065.008,GPS
11462,40575,ISA MAPPING NB #2,26,SF; JD,JD,rota,isa,NA,e0-z*e0,ZE0,14354,premna,NA,nff,ze0,1.57,e0,10.58,NA,JBD,2011-02-02,NA,40666,ze0,14354,300940.0561,1565055.367,angle distance,300938.3561,1565065.008,GPS
11463,40575,ISA MAPPING NB #2,26,SF; JD,JD,rota,isa,NA,e0-z*e0,Z0E,14355,aglaia,112,nff,ze0,6.38,e0,7.76,NA,JBD,2011-02-02,NA,40666,z0e,14355,300940.0561,1565055.367,angle distance,300938.3561,1565065.008,GPS
11464,40575,ISA MAPPING NB #2,26,SF; JD,JD,rota,isa,NA,e0-z*e0,E0,14356,aglaia,51,nff,ze0,8.8,e0,2.39,NA,JBD,2011-02-02,NA,40666,e0,14356,300940.0561,1565055.367,angle distance,300938.3561,1565065.008,GPS
